sample_id,direction,target_style,source_filename,generated_filename,source_path,generated_path,rater1_style,rater1_content,rater1_artifacts,rater2_style,rater2_content,rater2_artifacts
S01,A2B,Photo,f486c1655f.jpg,f486c1655f.jpg,/content/DATA266_Task3_Source/dataset/monet_jpg/f486c1655f.jpg,/content/DATA266_Task3_Clean/task3_gan/naveen/outputs/pred_A2B/f486c1655f.jpg,4,5,4,4,4,4
S02,A2B,Photo,a4e4a61fb2.jpg,a4e4a61fb2.jpg,/content/DATA266_Task3_Source/dataset/monet_jpg/a4e4a61fb2.jpg,/content/DATA266_Task3_Clean/task3_gan/naveen/outputs/pred_A2B/a4e4a61fb2.jpg,5,4,4,4,4,4
S03,A2B,Photo,b1310da865.jpg,b1310da865.jpg,/content/DATA266_Task3_Source/dataset/monet_jpg/b1310da865.jpg,/content/DATA266_Task3_Clean/task3_gan/naveen/outputs/pred_A2B/b1310da865.jpg,3,4,3,3,3,2
S04,A2B,Photo,344d1829bb.jpg,344d1829bb.jpg,/content/DATA266_Task3_Source/dataset/monet_jpg/344d1829bb.jpg,/content/DATA266_Task3_Clean/task3_gan/naveen/outputs/pred_A2B/344d1829bb.jpg,4,4,4,4,4,3
S05,A2B,Photo,cb50326950.jpg,cb50326950.jpg,/content/DATA266_Task3_Source/dataset/monet_jpg/cb50326950.jpg,/content/DATA266_Task3_Clean/task3_gan/naveen/outputs/pred_A2B/cb50326950.jpg,5,5,4,4,5,4
S06,A2B,Photo,4f4de0bbba.jpg,4f4de0bbba.jpg,/content/DATA266_Task3_Source/dataset/monet_jpg/4f4de0bbba.jpg,/content/DATA266_Task3_Clean/task3_gan/naveen/outputs/pred_A2B/4f4de0bbba.jpg,4,4,3,3,3,3
S07,A2B,Photo,9fc868e864.jpg,9fc868e864.jpg,/content/DATA266_Task3_Source/dataset/monet_jpg/9fc868e864.jpg,/content/DATA266_Task3_Clean/task3_gan/naveen/outputs/pred_A2B/9fc868e864.jpg,5,4,4,4,4,4
S08,A2B,Photo,853f8d711f.jpg,853f8d711f.jpg,/content/DATA266_Task3_Source/dataset/monet_jpg/853f8d711f.jpg,/content/DATA266_Task3_Clean/task3_gan/naveen/outputs/pred_A2B/853f8d711f.jpg,3,4,3,3,4,2
S09,A2B,Photo,89d970411d.jpg,89d970411d.jpg,/content/DATA266_Task3_Source/dataset/monet_jpg/89d970411d.jpg,/content/DATA266_Task3_Clean/task3_gan/naveen/outputs/pred_A2B/89d970411d.jpg,5,5,5,5,5,4
S10,A2B,Photo,526a110636.jpg,526a110636.jpg,/content/DATA266_Task3_Source/dataset/monet_jpg/526a110636.jpg,/content/DATA266_Task3_Clean/task3_gan/naveen/outputs/pred_A2B/526a110636.jpg,4,4,4,4,3,3
S11,A2B,Photo,4f7e01f097.jpg,4f7e01f097.jpg,/content/DATA266_Task3_Source/dataset/monet_jpg/4f7e01f097.jpg,/content/DATA266_Task3_Clean/task3_gan/naveen/outputs/pred_A2B/4f7e01f097.jpg,3,4,3,2,4,3
S12,A2B,Photo,417e77e946.jpg,417e77e946.jpg,/content/DATA266_Task3_Source/dataset/monet_jpg/417e77e946.jpg,/content/DATA266_Task3_Clean/task3_gan/naveen/outputs/pred_A2B/417e77e946.jpg,5,5,4,4,5,4
S13,A2B,Photo,66226e18fc.jpg,66226e18fc.jpg,/content/DATA266_Task3_Source/dataset/monet_jpg/66226e18fc.jpg,/content/DATA266_Task3_Clean/task3_gan/naveen/outputs/pred_A2B/66226e18fc.jpg,4,4,4,4,4,3
S14,A2B,Photo,429e382095.jpg,429e382095.jpg,/content/DATA266_Task3_Source/dataset/monet_jpg/429e382095.jpg,/content/DATA266_Task3_Clean/task3_gan/naveen/outputs/pred_A2B/429e382095.jpg,4,4,4,4,4,3
S15,A2B,Photo,f4413e97bd.jpg,f4413e97bd.jpg,/content/DATA266_Task3_Source/dataset/monet_jpg/f4413e97bd.jpg,/content/DATA266_Task3_Clean/task3_gan/naveen/outputs/pred_A2B/f4413e97bd.jpg,5,5,5,5,4,4
S16,B2A,Monet,e3ceb5d67a.jpg,e3ceb5d67a.jpg,/content/DATA266_Task3_Source/dataset/photo_jpg/e3ceb5d67a.jpg,/content/DATA266_Task3_Clean/task3_gan/naveen/outputs/pred_B2A/e3ceb5d67a.jpg,4,4,4,3,4,4
S17,B2A,Monet,b79628b2db.jpg,b79628b2db.jpg,/content/DATA266_Task3_Source/dataset/photo_jpg/b79628b2db.jpg,/content/DATA266_Task3_Clean/task3_gan/naveen/outputs/pred_B2A/b79628b2db.jpg,4,4,4,4,4,3
S18,B2A,Monet,46196f19d1.jpg,46196f19d1.jpg,/content/DATA266_Task3_Source/dataset/photo_jpg/46196f19d1.jpg,/content/DATA266_Task3_Clean/task3_gan/naveen/outputs/pred_B2A/46196f19d1.jpg,4,5,4,4,4,4
S19,B2A,Monet,3778fecb0c.jpg,3778fecb0c.jpg,/content/DATA266_Task3_Source/dataset/photo_jpg/3778fecb0c.jpg,/content/DATA266_Task3_Clean/task3_gan/naveen/outputs/pred_B2A/3778fecb0c.jpg,3,3,3,2,3,2
S20,B2A,Monet,f0aa76ff07.jpg,f0aa76ff07.jpg,/content/DATA266_Task3_Source/dataset/photo_jpg/f0aa76ff07.jpg,/content/DATA266_Task3_Clean/task3_gan/naveen/outputs/pred_B2A/f0aa76ff07.jpg,4,4,4,4,4,3
S21,B2A,Monet,1e7e4f894f.jpg,1e7e4f894f.jpg,/content/DATA266_Task3_Source/dataset/photo_jpg/1e7e4f894f.jpg,/content/DATA266_Task3_Clean/task3_gan/naveen/outputs/pred_B2A/1e7e4f894f.jpg,4,5,4,3,5,4
S22,B2A,Monet,343fa4c0eb.jpg,343fa4c0eb.jpg,/content/DATA266_Task3_Source/dataset/photo_jpg/343fa4c0eb.jpg,/content/DATA266_Task3_Clean/task3_gan/naveen/outputs/pred_B2A/343fa4c0eb.jpg,4,4,4,3,4,4
S23,B2A,Monet,12e9b80b70.jpg,12e9b80b70.jpg,/content/DATA266_Task3_Source/dataset/photo_jpg/12e9b80b70.jpg,/content/DATA266_Task3_Clean/task3_gan/naveen/outputs/pred_B2A/12e9b80b70.jpg,4,3,3,3,3,3
S24,B2A,Monet,f44a3275c9.jpg,f44a3275c9.jpg,/content/DATA266_Task3_Source/dataset/photo_jpg/f44a3275c9.jpg,/content/DATA266_Task3_Clean/task3_gan/naveen/outputs/pred_B2A/f44a3275c9.jpg,2,5,4,2,4,3
S25,B2A,Monet,a61d366d2d.jpg,a61d366d2d.jpg,/content/DATA266_Task3_Source/dataset/photo_jpg/a61d366d2d.jpg,/content/DATA266_Task3_Clean/task3_gan/naveen/outputs/pred_B2A/a61d366d2d.jpg,3,4,3,3,4,2
S26,B2A,Monet,b2e2ffcd0a.jpg,b2e2ffcd0a.jpg,/content/DATA266_Task3_Source/dataset/photo_jpg/b2e2ffcd0a.jpg,/content/DATA266_Task3_Clean/task3_gan/naveen/outputs/pred_B2A/b2e2ffcd0a.jpg,4,4,4,4,4,3
S27,B2A,Monet,bf61f9adb1.jpg,bf61f9adb1.jpg,/content/DATA266_Task3_Source/dataset/photo_jpg/bf61f9adb1.jpg,/content/DATA266_Task3_Clean/task3_gan/naveen/outputs/pred_B2A/bf61f9adb1.jpg,4,5,4,3,5,4
S28,B2A,Monet,59c0b11f7a.jpg,59c0b11f7a.jpg,/content/DATA266_Task3_Source/dataset/photo_jpg/59c0b11f7a.jpg,/content/DATA266_Task3_Clean/task3_gan/naveen/outputs/pred_B2A/59c0b11f7a.jpg,3,4,3,3,3,2
S29,B2A,Monet,18ea7c98b1.jpg,18ea7c98b1.jpg,/content/DATA266_Task3_Source/dataset/photo_jpg/18ea7c98b1.jpg,/content/DATA266_Task3_Clean/task3_gan/naveen/outputs/pred_B2A/18ea7c98b1.jpg,3,2,2,2,2,1
S30,B2A,Monet,ac049a3c0d.jpg,ac049a3c0d.jpg,/content/DATA266_Task3_Source/dataset/photo_jpg/ac049a3c0d.jpg,/content/DATA266_Task3_Clean/task3_gan/naveen/outputs/pred_B2A/ac049a3c0d.jpg,4,4,3,3,4,3
