sample_id,direction,target_style,style_score,content_score,artifact_score,notes
S19,B2A,Monet,3,3,3,"Bridge orange and cable structure largely lost; heavy stroke texture smears the span. Scene still reads as a bridge but identity is weakened."
S30,B2A,Monet,4,4,3,"Canal and building masses held; windows and edges turn mushy under the brush texture. Impressionist but a bit generic."
S20,B2A,Monet,4,4,4,"Meadow and peaks survive; broken color on the flowers works. Peaks slightly softened, no major artifacts."
S15,A2B,Photo,5,5,5,"Cathedral facade reads as a real photograph. Stone courses, windows, and sky held; brushwork fully removed."
S14,A2B,Photo,4,4,4,"Garden reads photographic. Foliage clumps a little and some petal identity is simplified, otherwise clean."
S13,A2B,Photo,4,4,4,"Boats and masts look photographic. Water is slightly flat and plastic compared with a real harbor shot."
S03,A2B,Photo,3,4,3,"Pond layout held, but lilies stay soft and painterly. Petal groups drift; incomplete photo conversion."
S18,B2A,Monet,4,5,4,"Red boat, quay, and reflections preserved. Strokes are visible, though the boat remains a bit graphic rather than fully painted."
S12,A2B,Photo,5,5,4,"Japanese bridge and garden read as a real photo. Mild residual softness in the foliage only."
S22,B2A,Monet,4,4,4,"Lake and mountain silhouette held; reflection is painterly. Closer to generic impressionism than a specific Monet handling."
S28,B2A,Monet,3,4,3,"Cranes and harbor layout recognizable. Industrial edges are noisy and smeared; texture looks overlaid."
S10,A2B,Photo,4,4,4,"Parasol figure reads as an outdoor portrait photo. Face and dress folds are simplified but pose and setting hold."
S21,B2A,Monet,4,5,4,"Rotunda and colonnade stay legible. Style is moderate impressionism; architecture is unusually well preserved."
S01,A2B,Photo,4,5,4,"Bridge, willows, and reflection preserved and de-painterized. Water still a little soft, not fully camera-sharp."
S06,A2B,Photo,4,4,3,"Bridge structure held. Lilies and water look processed and flat; some loss of lily identity."
S07,A2B,Photo,5,4,4,"Harbor looks like a real photograph. Small craft are slightly altered; rigging is a bit soft."
S27,B2A,Monet,4,5,4,"Matterhorn identity is clear. Sky and snow take broken color without wrecking the peak."
S04,A2B,Photo,4,4,4,"Boats and masts held in a photographic rendering. Water still carries a slight brushed look."
S29,B2A,Monet,3,2,2,"Beach figures melt into blobs; faces and limbs are not recoverable. Heavy texture artifacts. Worst content failure in the set."
S02,A2B,Photo,5,4,4,"Garden path looks like a real photo. Path geometry held; palette cooled and some flower detail simplified."
S23,B2A,Monet,4,3,3,"Water and far shore are painterly, but the island church is softened and partly lost."
S16,B2A,Monet,4,4,4,"Mountain lake takes pastel strokes cleanly. Shape held; style is pleasant but generic impressionism."
S11,A2B,Photo,3,4,3,"Pond composition held, yet the result stays dreamy and soft. Not a convincing photograph."
S05,A2B,Photo,5,5,4,"Canal buildings and bridge read photographic with clean edges. Slight grain only."
S17,B2A,Monet,4,4,4,"Broken color on the water works; palazzi stay readable. Sky is a bit washed."
S08,A2B,Photo,3,4,3,"Haystack and field held, but the sky is flattened and contrast is lost. Still partly painterly."
S09,A2B,Photo,5,5,5,"Parliament reads as an architectural photograph. Geometry, windows, and reflection intact."
S26,B2A,Monet,4,4,4,"Sunset sky takes painterly color; headland and surf held. No major geometry breaks."
S24,B2A,Monet,2,5,4,"Domes, caldera, and boats almost unchanged. Looks like a texture filter, not a Monet translation. Weakest style hit."
S25,B2A,Monet,3,4,3,"Cliff and coast held. Sky shows banding and repetitive stroke texture."
