sample,prompt,text,generation_chars_per_sec
1,Once upon a time,"Once upon a time, there was a little bunny named Benny. Benny loved to play with his boat in the barn. One day, Benny was walking to the barn when he saw a little boy. The boy was scared and didn't know what to do.

Benny replied, ""Don't worry, Benny. I have an unusual toy truck. I have a special request for you.""

Benny smiled and said, ""Thank you, Benny. You're the best special request of your request.""

Benny and his friends were playing together in the park. They laughed and had fun at the park, but they couldn't find their new juice. They got out of the box, and walked away. The park was happy and the be",402.86944431770974
2,"One day, a little girl","One day, a little girl named Lily went to the park with her mommy. They were both very happy and excited to play in the park. When they got there, Lily saw a big swing and Lily wanted to play with it. But her mommy said it was too late and it was time for Lily. Lily went to her mommy and asked her what was wrong. 

""Mommy, why don't you want to play with it?"" asked her mommy.

""It's too scary,"" Lily said. ""Don't be scared.""

Her mommy said, ""Let's try to be scared when we can see what it's behind the box. And then, don't be scared, we can make it break it into her pocket."" The little girl smiled and said, ""Yes, I'm",409.5036893178606
3,There was a little boy,"There was a little boy named Timmy. Timmy loved to play with his toys all day long. One day, he went to the park to play with his friends. Timmy's friend Billy came over to play. Billy saw Timmy sitting on a bench and Max was playing with his friends. They laughed and played, had a lot of fun.

Billy said, ""Mommy, this hidden picture is a tasty one! We feel dizzy and scared!"" Billy smiled and waved goodbye to the girl's hand as they played with the picture for a while.

Once upon a time, there was a little boy named Tim. Tim was a stubborn boy, and he loved to play with his toys. One day, Tim saw a big box in the g",400.95525078041516
4,In a small village,"In a small village, there was a little girl named Lily. She loved to play with her toys and run around in the yard. One day, she saw a big puddle on the ground. She picked it up and showed it to her mom, who was very independent. 

Mommy said, ""This puddle is fun to do anything is a good spot, but I like to use a spot to carry it."" 

Her mommy smiled and said, ""That spot just looks a toy, Mommy. I will find out something to do and eat."" 

And so, Lily and her mommy went home happy together.

Once upon a time, there was a tall train. A little girl named Lily went outside to play. She found a big rainbow in her r",412.9714575749515
5,The dog looked at,"The dog looked at his toy. He looked at the dog and said, ""You are making a mistake. You can't have it!""

Jack replied, ""I don't want to hurt your teddy bear. It's not scary at first.""

Jack tried to get off the ball, but it was too late. The dog was all really scared and didn't know what to do. The ball started to cry. Jack and Jill were so sad, they cried and shouted.

""That's not nice! I'm scared of you!"" said Jill.

""But I'm scared of this rain!"" said Jack. ""We're scared of the dog and making a mess.""

Jack was surprised and angrily became big and bright. He peeked around the room and saw the dog on the co",408.8643237144104
6,Lily went outside,"Lily went outside and saw a tall garden. She wanted to see what was in the garden, so she tried to get the penny, but the sneeze was too high for her. 

Suddenly, a big dog came along. He saw the penny and wanted to play with it. Lily was very sad and started to cry. She cried and hugged him. She didn't know what to do. 

But then, the dog saw him playing with the penny and wanted to play with it. Lily said, ""Hi, Tommy! Do you want to play with me and share my toys?"" Her mom smiled and said, ""Yes, I want to play with you!"" 

Lily was happy and said, ""Thank you, Mommy! I love you."" They hugged the penny and wen",398.15353936860436
7,Tom was very excited,"Tom was very excited to help his mom with the strawberry. He had a favorite teddy bear where he loved it. 

Tom said, ""I love you!"" His mom came into the room and said, ""I love to show you how to use it with me!"" His mom smiled and said, ""Me too, Tom. But I want to make more fun with the teddy bear. Do you want to help me find my way?"" Tom felt a little better and said, ""Yes, let's get it!""

So, Tom and his mom went to the park together. They played with their ball and had a lot of fun. They had a lot of fun. The end.

Once upon a time, there lived a girl named Lily. She loved to play and rush in the living room.",402.57949584907976
8,The next morning,"The next morning, she went to the store to buy some cookies. She looked at the big cookies and saw the snake. The cookies were very pretty.

The little girl wanted to help the snake. She started to sing and ask the cookies for help. But the cookies didn't want to eat them. She sang happy and so she sang them loudly a lot.

The snake was so small and smelly. Now she just laughed and hugged it. The cookies all had lots of fun together.

The cookies were so happy to have a new friend. They were making a new friend and all the things they had had been so nice!

Once upon a time, there was a little girl named Lily",400.55982630295466
