sample,prompt,text,generation_tokens_per_sec
1,Once upon a time,"Once upon a time there was a bird named Billy. Billy was very polite and loved to run around in the garden. One day, Billy went to the park to play with his friends. They were playing in the park, playing in the park, and everyone was happy.

As Mommy was playing, Tommy saw a big boy with blue balls. Lily said, ""Hi, I'm Billy. I am sorry, Mommy. I will stay safe and kind.""

Tommy was so excited. He ran to the ball and drifted for Billy to the forest. He was angry and kind. He felt scared and ashamed.

Billy picked up the ball and threw a sharp doll. He was so excited to do anything was for Lily. He had seen t",691.0266950262535
2,"One day, a little girl","One day, a little girl named Lily went to a big bowl with her family. Lily was so happy and said, ""Thank you for helping me, Lily. You are very kind. You are welcome.""

Lily liked to play with her toys. She thought it was good for Lily. She hugged her mom and said, ""You are my best friend. I love you."" She was so happy. She walked to her mom and said, ""Okay, Lily. I love you."" Lily thought for a moment, but Lily was still very happy.

Once there was a girl named Lily. She lived in a hole in the ground when they find an accident. One day, the boy saw a little girl who was very tired. She said, ""Hello, mommy! In the ",705.2506030795168
3,There was a little boy,"There was a little boy named Tim. Tim loved to play with his toys, but he was always best friends. One day, Tim and his friends were playing by the park when they saw a big tree. Tim was sad because they had an idea. Tim went to the tree and they saw a big big tree. The squirrel wanted to come inside and have fun. Tim and Jen were happy that they could sleep in the water and make beautiful flowers go fast and even water with their cars.

Tim wanted to share the boy with his mom. He was just waiting for them to see him. He laughed and said, ""You are a great day of the boy. I will be careful.""

The sign was very surp",713.816961936776
4,In a small village,"In a small village as she walked over a safe group of people who was there. She saw a big hole with lots of matches in her hands. 

The wise old match was scared and didn't know what to do. She saw the hole from that day on, the other cat and the girl were very sad. The whusper was very worried, but then Lily grabbed her knee and suggested her dad a guitar. Timmy was so happy.

Timmy took out his armchair and came from the park. He was so happy to see the little girl and her mommy walked up to the park. ""Mommy, I see the sack in the park!""

Mommy smiled and said, ""Thank you for being so kind.""

Thettie was so e",705.1433006574864
5,The dog looked at,"The dog looked at the car. It stopped, and Sam went to the park. He saw a big tree. He was angry. He picked it up.

""Help!"" Sam said.

""Help. He was not searching for it, Tom. He is sorry. He said, ""I don't know what to do. You should have anything if you should never be safe. I just wanted to be friends with you."" Tom said.

Mom smiled and said, ""You need to play with the balloon. You are my little bit. I don't want to share. Do you want it?""

Mom and dad said, ""Yes, I say that is not nice what I do.""

They said, ""Yes, I will. You can have a big tuna and be deep. They are fun.""

They find a box of cars, ""I'm ",704.2233830326479
6,Lily went outside,"Lily went outside to play. She saw a big car on the floor. She wanted to see what was inside. She quickly ran to the park again and said, ""Oh, Lily! That's a good friend. It's very good!"" The little boy was so excited to see the park that she didn't like the tallest things.

The vumble rabbit explained it was bad. He thanked her mom and said she would make the ball better sing songs. Lily loved the rabbit and put it in the garden. She was very happy and safe.

One day, Lily went on a walk with her mom and dad. They saw a big man with a big stick. Her dad was very happy. ""Lily, you like to paint painting. You c",703.3681749807569
7,Tom was very excited,"Tom was very excited to see what was happening the dog. It was harder, but they couldn't wait to stay at the class and see it. 

Suddenly, the dog saw Anna and Ben heard the swing. Ben stopped to swam away. He liked the classroom and said, ""Don't worry, Mom. I will be fun to play.""

Mom smiled and said, ""Okay, Lily. It's very pretty. We're glad you welcome to your friends.""

Anna was so happy and said, ""I'm glad you were supposed to eat your cookie. Have some of my friends and you can play with my toys and trucks."" 

The little girl felt sorry for her friend and said, ""I'm sorry, Lily. I love you. You are sorry.""",710.436998313526
8,The next morning,"The next morning. It was a beautiful spot. It was very bright. It said, ""Tom, this is a lot of splashing is safe.""

They ran away and started to swim until the sun was going down. They were still sad. They wanted to play with their toys, but they needed to be brave. They stayed right with their names and made them feel the powerful one. They had been more problems and proud of them for being so curious and went to the park.

Once upon a time, there was a little girl named Lily. She loved to play outside in the sunshine. One day, Lily's mom made sure to go outside with her mom. When she was done, Lily saw what",689.3854822061367
