epoch,global_step,learning_rate,G_A2B_adv,G_B2A_adv,cycle_A,cycle_B,identity_A,identity_B,G_total,D_A,D_B,generator_gradient_norm,discriminator_gradient_norm,NaN_count,Inf_count,images_per_second,epoch_seconds,elapsed_minutes,peak_gpu_memory_GB
1,300,0.0002,0.4788758499920368,0.5270514632761478,3.0850572578112283,3.2091643691062925,1.4848181696732838,1.518412983218829,10.303380068143209,0.49422592744231225,0.4342270056406657,60.34403656005859,27.305505545934043,0.0,0.0,16.775849064923012,35.76570090002497,0.604732663333319,2.4495863914489746
2,600,0.0002,0.39106283908089,0.4164676617085934,2.6699607543150585,2.8392302838961285,1.2748891777793567,1.3051341307163238,8.896744864781697,0.26808404927452406,0.2792760925491651,48.40629577636719,23.06299558321635,0.0,0.0,16.832234651768328,35.64589089999208,1.2086636183337154,2.4490981101989746
3,900,0.0002,0.3986163112024466,0.4410455147176981,2.5886148397127786,2.6674354672431946,1.214764015475909,1.201914405822754,8.51239054997762,0.24741460201640925,0.2539476009955009,47.18146438598633,21.922918084462484,0.0,0.0,16.914938590968774,35.47160379998968,1.8095250066670512,2.4490981101989746
4,1200,0.0002,0.4347064572572708,0.4755721464753151,2.4915982031822206,2.6433197315533956,1.1611924949288368,1.187471934556961,8.393860955238342,0.23687822920580706,0.2515204311038057,47.37815818786621,22.963628854751587,0.0,0.0,16.869474962266043,35.56720060002408,2.4062618766668797,2.4490981101989746
5,1500,0.0002,0.4387278007219235,0.4787964118272066,2.359509057998657,2.3967979435125986,1.1042551372448604,1.0765168927113216,7.854603219032287,0.23655132283767064,0.2383768215154608,42.83094886779785,22.65202491124471,0.0,0.0,16.849852506086076,35.6086202999868,3.0036659883335233,2.4490981101989746
6,1800,0.0002,0.4676128980517387,0.4946418726071715,2.2713884103298185,2.478023489713669,1.0737188316384951,1.0829767196377118,7.868362197081248,0.2277715139836073,0.2373718386515975,42.087175356547036,22.74974055767059,0.0,0.0,16.47866564422125,36.4107151000062,3.6374838150004507,2.4490981101989746
7,2100,0.0002,0.48884777357180914,0.4696229589233796,2.2773052350680034,2.4390946690241497,1.0687777308622997,1.0748702335357665,7.818518602053325,0.22939615042259295,0.2285718237857024,41.59645258585612,22.558718422253925,0.0,0.0,16.68355909464808,35.96354930000962,4.240929863333682,2.4490981101989746
8,2400,0.0002,0.4931993951648474,0.5003351690992713,2.1789028537273407,2.294033555984497,1.026146605213483,1.0283099098006885,7.520927515029907,0.22199516023198765,0.22766769298662742,39.52131954828898,22.702140561739604,0.0,0.0,16.895173750847512,35.51310030001332,4.8368471416669,2.4490981101989746
9,2700,0.0002,0.5141825890075415,0.5340536472325523,2.202161016066869,2.349367827574412,1.0392182912429173,1.0137480686108271,7.652731455961863,0.21337792796393235,0.2181400822289288,40.98711869557699,22.935503927866616,0.0,0.0,16.999274278318122,35.29562439999427,5.429081851666949,2.4490981101989746
10,3000,0.0002,0.5140377308924993,0.5513713748504718,2.139171663920085,2.2086186059316,1.014378156363964,0.9937054009238879,7.421282927195231,0.20782807618379592,0.21249106803288062,39.04122673670451,22.862971013387043,0.0,0.0,16.988660151456756,35.317676300008316,6.02175442000007,2.4490981101989746
11,3300,0.0002,0.4894626246268551,0.49758666307975846,2.1013484168052674,2.226258821884791,0.9991192258397739,1.0052696216106414,7.319045383135478,0.21435325837383667,0.22406487507745623,36.749116296768186,21.72155723730723,0.0,0.0,16.938344012792395,35.4225891000242,6.642479951667095,2.4490981101989746
12,3600,0.0002,0.48019975764056044,0.5214324921369553,2.120171019236247,2.051225779851278,1.0101455790797869,0.9158896204829216,7.099064262708028,0.21514302207777897,0.21964290702094635,35.96371100743612,21.33513070265452,0.0,0.0,16.957708424822357,35.382139199995436,7.236471350000162,2.4490981101989746
13,3900,0.0002,0.5078800289953749,0.5131926633479694,2.049034459590912,2.1302707693974177,0.9622670966386795,0.9646372083822886,7.127282217343648,0.2150322938710451,0.2202147646807134,35.422621987660726,21.92525600910187,0.0,0.0,16.97148121065299,35.35342570001376,7.829738781666674,2.4490981101989746
14,4200,0.0002,0.46749114740019043,0.47396799029161535,2.0438527512550353,2.120786711970965,0.9659322616457939,0.9452100632588069,7.0172409200668335,0.22774115569889544,0.23659974455833435,35.32919635772705,21.00467337926229,0.0,0.0,16.97021291216946,35.35606789999292,8.423007873333699,2.4490981101989746
15,4500,0.0002,0.4926526871137321,0.5210516697665055,2.013297990163167,2.095307634870211,0.9498749879002572,0.9179995594422022,6.990184507369995,0.21466285087168216,0.21702842718611162,35.4705517578125,20.398358073234558,0.0,0.0,16.917370967126207,35.466503700008616,9.01807815333353,2.4490981101989746
16,4800,0.0002,0.4853067082539201,0.46913440282146135,1.952014393210411,2.0097765179475147,0.9374992747108142,0.9144613711039226,6.768192664782206,0.21605084965626398,0.21605355458334088,34.46617019971212,19.181539860566456,0.0,0.0,16.96371018508107,35.36962099999073,9.634372693333717,2.4490981101989746
17,5100,0.0002,0.46646653714279335,0.5044880790139238,2.016096663475037,1.9595518885056178,0.9738430446386337,0.8656174825628599,6.786063729921977,0.2198730012277762,0.21292321233078837,34.54886483510335,19.248017601966858,0.0,0.0,16.751493951978798,35.817700899991905,10.235448758333709,2.4490981101989746
18,5400,0.0002,0.49087067384893696,0.4936012892362972,1.9514311569929124,2.0410476720333097,0.9417305917541186,0.9070532897114754,6.825734664599101,0.21551840947320064,0.21459112574656805,34.594895604451494,19.844426617622375,0.0,0.0,16.978326439058378,35.339172100008,10.828461230000054,2.4490981101989746
19,5700,0.0002,0.4941220494794349,0.5308800937483708,1.923011421362559,1.9581764696041744,0.9214629141489664,0.8714441329240799,6.699097048441569,0.21181256115436553,0.2194379472484191,33.93942067146301,20.4666885360082,0.0,0.0,16.83400254384922,35.64214740000898,11.426497850000063,2.4490981101989746
20,6000,0.0002,0.4881590167991817,0.530913760283341,1.903150829076767,1.9542800158262252,0.9215351198116938,0.8638659589489301,6.661904681523641,0.21057495774080356,0.21570936612784863,32.92786947568258,19.748967463175457,0.0,0.0,16.61487192645065,36.112225399992894,12.03241916833358,2.4490981101989746
21,6300,0.0002,0.49053470868617294,0.5043963261445363,1.946074414451917,2.022582549651464,0.9224077795942625,0.9123931045333544,6.79838886419932,0.21922503389418124,0.22404735264678796,34.2239709854126,19.966404611269635,0.0,0.0,16.428524570117872,36.52184329999727,12.675479008333545,2.4490981101989746
22,6600,0.0002,0.48375474074855446,0.49151334987332423,1.8851230653127033,1.8164702306191127,0.9084436504046122,0.8185452544689178,6.403850282033284,0.21241397543499868,0.21294953199103475,32.111053930918374,18.24743284225464,0.0,0.0,16.840235465225923,35.628955499996664,13.273462220000026,2.4490981101989746
23,6900,0.0002,0.4769689255549262,0.4933968547793726,1.843599227865537,1.8315361630916596,0.8841031222542127,0.8067842298746108,6.336388529141744,0.21370656445622443,0.2241898526251316,32.297679538726804,18.719432717959087,0.0,0.0,16.841231882790392,35.62684749998152,13.871472476666774,2.4490981101989746
24,7200,0.0002,0.47919484313577415,0.5027648036244015,1.847586966753006,1.9160332276423773,0.8838747888803482,0.8488304009040196,6.478285048802694,0.21653080675750971,0.21777668160696825,32.24497137069702,18.783694586753846,0.0,0.0,16.851596839338747,35.60493440000573,14.468966248333649,2.4490981101989746
25,7500,0.0002,0.46655080278093614,0.491278396739314,1.7998085526625316,1.7299300851424535,0.8715579969684283,0.7739978552858034,6.133123719692231,0.21446593274051945,0.21743774510920047,30.792802584966022,17.60104568004608,0.0,0.0,16.83972836800211,35.63002839998808,15.066985595000249,2.4490981101989746
26,7800,0.0002,0.5021888856434574,0.5087685366192212,1.7863069550196329,1.7179461387793222,0.8638720153768857,0.7773128702243169,6.156395378907521,0.21397664417202275,0.2202816723783811,30.2682026831309,18.896690550645193,0.0,0.0,16.73695396978236,35.84881699999096,15.691739090000434,2.4490981101989746
27,8100,0.0002,0.48492670939303933,0.5116327394793431,1.8046230198939641,1.789974812467893,0.8493799130121867,0.7949858742952347,6.235523059368133,0.20988272233555713,0.2140038319180409,30.437026589711508,17.795307798385622,0.0,0.0,16.79922289482438,35.71593780000694,16.291229943333505,2.4490981101989746
28,8400,0.0002,0.4673169278508673,0.4865253067947924,1.789006495475769,1.762160307765007,0.850239454805851,0.7726343407233556,6.127882845401764,0.2181742748307685,0.22013497564320764,31.55855266571045,18.14026547273,0.0,0.0,16.839638332962327,35.63021889998345,16.88918862333376,2.4490981101989746
29,8700,0.0002,0.4704116871704658,0.4970082929171622,1.7426225624481837,1.8063752818107606,0.8330089707175891,0.8048522311449051,6.154279024600982,0.21326326798647643,0.22037593779464562,30.570626468658446,17.925993094444276,0.0,0.0,16.614399335488162,36.113252600014675,17.495218538333333,2.4490981101989746
30,9000,0.0002,0.4975356370396912,0.4727046018652618,1.7281601234277089,1.7589779448509217,0.841991838614146,0.7774645486474037,6.076834700107574,0.21175531342625617,0.20995953736826778,30.588741232554117,16.97756993929545,0.0,0.0,16.784621292152035,35.74700850000954,18.09512088500002,2.4490981101989746
31,9300,0.0002,0.4699040993303061,0.4920387755955259,1.7398624742031097,1.7492768589655558,0.8359109500050544,0.7720186235507329,6.059011790752411,0.21390702933383485,0.21646779742402336,30.739435141881305,17.12324790318807,0.0,0.0,16.691652308273866,35.946111800003564,18.724994393333326,2.4490981101989746
32,9600,0.0002,0.48403252637013794,0.4955836046983798,1.7452637126048407,1.8049837934970856,0.8272931278745334,0.790304658015569,6.147461433410644,0.21855864141136408,0.2086779862890641,30.755606667200723,17.451667687098187,0.0,0.0,16.734685913208597,35.85367559999577,19.326693631666906,2.4490981101989746
33,9900,0.0002,0.482364139923205,0.5050515374882768,1.7221406110127766,1.7077654985586803,0.8274223517378171,0.754917893409729,5.999662034511566,0.2049981301339964,0.21413122963160278,30.213289000193278,17.02738582611084,0.0,0.0,16.467188542248667,36.436092199990526,19.938048290000005,2.4490981101989746
34,10200,0.0002,0.49046652714411415,0.4820776103809476,1.652461544672648,1.6684134566783906,0.8156571460763613,0.7413329659899076,5.850409255822499,0.2163173422900339,0.21200446436181664,29.610400110880533,16.870745975176494,0.0,0.0,16.639826626325842,36.058067999983905,20.54344400500025,2.4490981101989746
35,10500,0.0002,0.4856312984849016,0.5137660525118312,1.6883091751734416,1.7266999143362045,0.8209333764513334,0.7481101413567861,5.983449951807658,0.20535771226510405,0.21226217375757794,31.13967749595642,16.90695813814799,0.0,0.0,16.679864331326897,35.97151559998747,21.147234973333738,2.4490981101989746
36,10800,0.0002,0.47060053173452615,0.5162590098318954,1.6661935744682947,1.7640524367491404,0.8141775427261988,0.7845386397838593,6.015821762084961,0.2041064148892959,0.21646397444109122,30.688709586461385,16.579525418281555,0.0,0.0,16.557122993240945,36.23817980001331,21.779053966667075,2.4490981101989746
37,11100,0.0002,0.4885524562994639,0.4929176474859317,1.6558844423294068,1.6707530413071314,0.7985552963614464,0.738530357380708,5.845193221569061,0.21156482091794412,0.21523382693529128,30.131346305211384,16.851529165109,0.0,0.0,16.670015163350595,35.99276870000176,22.38318460833349,2.4490981101989746
38,11400,0.0002,0.4813218507543206,0.4960002508635322,1.6435192292928695,1.6632492023706436,0.7903507652878762,0.7220238621036211,5.796465164820353,0.20429301670442024,0.21701483726501464,30.603438107172646,16.508322213490803,0.0,0.0,16.66480557821441,36.00402039999608,22.987422288333377,2.4490981101989746
39,11700,0.0002,0.4655229826644063,0.5085744850461682,1.7103409387667974,1.7244820461670558,0.8198178489009539,0.7328282224138578,5.961566510995229,0.20049027528613805,0.21635013113419216,32.21598660786947,16.083655958175658,0.0,0.0,16.840377310444865,35.62865540001076,23.58524595000005,2.4490981101989746
40,12000,0.0002,0.4534089259803295,0.5071292435160527,1.6102786632378896,1.6940281236171721,0.780952610274156,0.7284030742446581,5.774200646877289,0.2012687953064839,0.22235281366854906,30.33173734664917,15.794584568341573,0.0,0.0,16.78549092378725,35.745156499993755,24.18516062333365,2.4490981101989746
41,12300,0.0002,0.4995509137151142,0.5235115633967022,1.6509656506776809,1.6318761559327444,0.7979026678204536,0.694738376835982,5.798545326391856,0.20141606823230784,0.20211740667000413,30.193101380666096,16.252121245861055,0.0,0.0,16.69679933404476,35.93503090000013,24.817958303333338,2.4490981101989746
42,12600,0.0002,0.46848856267829736,0.4963089181110263,1.5675718196233113,1.6370750550429027,0.775776963531971,0.722054150501887,5.667275464534759,0.2043970581330359,0.21579292797173064,28.89410517056783,15.22969716310501,0.0,0.0,16.591735026850333,36.162583299999824,25.42499830500019,2.4490981101989746
43,12900,0.0002,0.4891788430325687,0.5028464743432899,1.6002069916327795,1.6789221342404683,0.7718483126163482,0.7264193917314211,5.769422152042389,0.21074290935570994,0.21204097752769788,29.73907388051351,15.97239964167277,0.0,0.0,16.610284716225753,36.12219840000034,26.031101966666757,2.4490981101989746
44,13200,0.0002,0.47922657323690754,0.5060606841308375,1.5961095199982325,1.5951211442550024,0.7675937582055727,0.6834595399598281,5.627571228345235,0.21145381921281417,0.21055174160748721,29.133114824295046,15.708607428868612,0.0,0.0,16.485297257933734,36.39606800000183,26.641918096667116,2.4490981101989746
45,13500,0.0002,0.47992026269435883,0.49787899998947976,1.5586615250507991,1.5933821362257004,0.7476349311073621,0.7087710723280907,5.5862489151954655,0.2039472102622191,0.21062276161586244,28.78895429611206,15.231271958351135,0.0,0.0,16.704652954684555,35.91813619999448,27.244753748333704,2.4490981101989746
46,13800,0.0002,0.4877280006495615,0.479767858137687,1.5723551229635875,1.5830211716890334,0.7484674660364786,0.6895009658237299,5.56084056854248,0.207233789054056,0.21171723024919628,29.213578910827636,15.294026438395182,0.0,0.0,16.420200865639718,36.54035689999,27.881399171667,2.4490981101989746
47,14100,0.0002,0.4837363151460886,0.5130976492073387,1.5490225946903229,1.6552515015999476,0.757534432609876,0.7057339764634768,5.66437644481659,0.20750608717401822,0.21219304690758387,29.614558305740356,15.625505447387695,0.0,0.0,16.263745826583282,36.89187019999372,28.50057489000028,2.4490981101989746
48,14400,0.0002,0.47523441923161347,0.49977586075663566,1.554611697793007,1.7172977632284165,0.75436280498902,0.7338502181569735,5.735132749080658,0.20070345318565766,0.20523888874799012,29.44413490931193,14.849947489102682,0.0,0.0,16.568809711676955,36.21261940000113,29.108473580000283,2.4490981101989746
49,14700,0.0002,0.4831793633600076,0.49220477637524407,1.5416542516152063,1.6483854679266612,0.7520753489931424,0.7198587000370026,5.637357908884685,0.20871974773084123,0.2165418012626469,28.78045523325602,15.028461470603943,0.0,0.0,16.765272595409982,35.788263900001766,29.70904422833361,2.4490981101989746
50,15000,0.0002,0.4863981597094486,0.4807771492128571,1.5407461722691853,1.6088237929344178,0.7397734069824219,0.7093327220280965,5.565851428508759,0.20661135219037532,0.2059181418828666,28.802790104548137,14.535844963391622,0.0,0.0,16.738755511521504,35.84495870000683,30.310733948333656,2.4490981101989746
51,15300,0.0002,0.4808760168248167,0.5062826985741655,1.5030954817930857,1.533369964758555,0.725044524470965,0.6761642842491468,5.4248329742749535,0.20304255993415912,0.21036329517140984,28.386505187352498,14.838569633165996,0.0,0.0,16.742043905898047,35.83791819997714,30.938982791667026,2.4490981101989746
52,15600,0.0002,0.4753261422148595,0.5141947501090666,1.5485248551766078,1.6508024320999781,0.7688238446911176,0.705962518453598,5.663634547392527,0.1995123685275515,0.20879243775581321,29.329850794474282,14.413306403160096,0.0,0.0,16.59284431874865,36.160165699984645,31.54573304166697,2.4490981101989746
53,15900,0.0002,0.48902735685308774,0.50008356558159,1.4789847457408904,1.5573345333337785,0.7276219355066618,0.6736306458711624,5.4266827861468,0.20687530135114987,0.2058785521859924,28.579803234736126,14.592299592494964,0.0,0.0,16.73726580210041,35.84814909999841,32.14722888333345,2.4490981101989746
54,16200,0.0002,0.4817665701111158,0.4786106071124474,1.4990343952178955,1.5273914198080698,0.7240201615293821,0.6663689152896404,5.377192063331604,0.2074994508860012,0.2089263788362344,28.76815569559733,14.270683727264405,0.0,0.0,16.700153815089685,35.92781280001509,32.750091048333466,2.4490981101989746
55,16500,0.0002,0.4662435549745957,0.5023288674342136,1.5062665929396948,1.5398656292756399,0.7327807238698005,0.6579644661645094,5.405449843406677,0.20507326802238823,0.21083382612715165,28.095757678349813,14.380024607181548,0.0,0.0,16.164871821231287,37.117522899992764,33.372845335000115,2.4490981101989746
56,16800,0.0002,0.46316415099427105,0.5003899150590102,1.4512038487195968,1.5966887366771698,0.7199503682057062,0.7009452610214552,5.432342267036438,0.2027491929878791,0.2049723066172252,28.672666060129803,13.671160655021668,0.0,0.0,16.409831336720423,36.56344709999394,34.01376203833352,2.4490981101989746
57,17100,0.0002,0.46934639948730666,0.4927083266650637,1.4268960491816203,1.5364369922876357,0.7031304596861203,0.6735932795206706,5.302111512819926,0.20801390448585153,0.21436315522839625,27.720679505666098,14.06155966122945,0.0,0.0,16.520240069488175,36.319084799994016,34.62299125333375,2.4490981101989746
58,17400,0.0002,0.48437666926532985,0.4987395435478538,1.4850829100608827,1.5889213540156681,0.7190152574578921,0.7032755316297213,5.479411294460297,0.20367125590642293,0.2089450959675014,28.510923789342243,14.583890719413757,0.0,0.0,16.900606981082092,35.50168349998421,35.21880444000029,2.4490981101989746
59,17700,0.0002,0.4819937654150029,0.48726498778909444,1.4118531543016433,1.4817494416236878,0.692505138317744,0.6578294896086057,5.213195978800456,0.20448546377941967,0.20265953767113387,26.938745454152425,13.88565399646759,0.0,0.0,16.57910747242257,36.19012670000666,35.826143270000465,2.4490981101989746
60,18000,0.0002,0.4835643201693893,0.49377220223347346,1.4332120684782663,1.5694617193937301,0.7066028821468353,0.6788278344273567,5.365441017150879,0.2063069028283159,0.20478257386634746,28.252737261454264,13.650207727750143,0.0,0.0,16.75511037847743,35.80997000000207,36.4271957533337,2.4490981101989746
61,18300,0.0002,0.4802576783361534,0.5001104812882841,1.4462945981820425,1.5239372656742731,0.705295629799366,0.6671395136912663,5.323035146395365,0.19045002213368814,0.20152018412947656,28.352381709416708,13.143030411402384,0.0,0.0,16.514773914439214,36.331105899997056,37.06338026833352,2.4490981101989746
62,18600,0.0002,0.48783804586778085,0.5017818515623609,1.4691187822818756,1.5894876998662948,0.7054660108685493,0.6930265712738037,5.4467189486821495,0.2059335851917664,0.20294632172832885,28.30018530209859,13.614942169189453,0.0,0.0,16.51499442585933,36.33062079999945,37.67308352500016,2.4490981101989746
63,18900,0.0002,0.509430926591158,0.5032968911466499,1.3789591691891352,1.4369770375887554,0.681127570370833,0.6202625504136086,5.130054144859314,0.20895133530100188,0.20621362975488106,26.880462582906087,14.454834493001302,0.0,0.0,16.104376198365173,37.25695379998069,38.29817952333348,2.4490981101989746
64,19200,0.0002,0.4706274833468099,0.48439645058164993,1.3867476952075959,1.4668727219104767,0.6903065409262975,0.6311648519833882,5.1301157371203105,0.20414770154903333,0.20854304801051815,27.028192580540974,13.596077535947163,0.0,0.0,16.454968514527195,36.4631509000028,38.91015732000039,2.4490981101989746
65,19500,0.0002,0.4726564201153815,0.48478655183066927,1.4522602826356887,1.565156491001447,0.6992728655536969,0.6813533482948939,5.355485961437226,0.20179699176301558,0.2018413768708706,27.829516054789224,12.667798009713492,0.0,0.0,16.476808838014275,36.414818299992476,39.521227258333724,2.4490981101989746
66,19800,0.0002,0.499215196489046,0.5170332426329454,1.4015209211905797,1.4715457342068354,0.6841922889153162,0.6431656654675801,5.216673070589701,0.1913552565127611,0.1991884943967064,27.599852380752562,13.574670066038767,0.0,0.0,16.411555375047254,36.55960609999602,40.158209181666706,2.4490981101989746
67,20100,0.0002,0.4678780732800563,0.5042850064610441,1.3925529736280442,1.4733144877354305,0.6934713204701741,0.6369095727801323,5.168411422570546,0.19604215783377488,0.21227951794241864,27.116907297770183,13.773964182535808,0.0,0.0,16.404794023262678,36.57467440000619,40.7720369366667,2.4490981101989746
68,20400,0.0002,0.47679220300788683,0.5037775652917723,1.3822596621513368,1.4558761203289032,0.6806985572973887,0.6550796450177828,5.154483771324157,0.19602195719256998,0.20366177240386604,26.8128329372406,12.728896997769674,0.0,0.0,16.511198505751036,36.33897319997777,41.38181020166667,2.4490981101989746
69,20700,0.0002,0.473582263973852,0.5017688984051347,1.3902045885721843,1.5006656499703726,0.6723311600089074,0.6457626601060231,5.1843152133623756,0.20037030518054963,0.19922247645755609,27.7635813554128,13.001000969409942,0.0,0.0,16.501373871388406,36.360608799994225,41.99217266000002,2.4490981101989746
70,21000,0.0002,0.4908959053953489,0.5066801324052115,1.3903923201560975,1.4745809753735861,0.6876167942086856,0.6527985409895579,5.202964680194855,0.2000927658379078,0.20183485019331177,27.0773654905955,13.555427896181742,0.0,0.0,16.485526449630175,36.395561999990605,42.602992198333475,2.4490981101989746
71,21300,0.0002,0.4880847157537937,0.5112258679233491,1.3775932029883067,1.5263383513689042,0.6780575456221899,0.6655044424533844,5.246804121335347,0.18892398538688818,0.20655676156282424,27.49825795809428,13.192857937812805,0.0,0.0,16.353682754106615,36.688983699976234,43.24594416000036,2.4490981101989746
72,21600,0.0002,0.48860936029503743,0.5266644014542301,1.4042322385311126,1.4985015521446863,0.6845797641078631,0.643500768939654,5.24608809073766,0.18662364417066177,0.2007693421964844,27.797527389526365,13.30736253341039,0.0,0.0,16.386560804681142,36.61537079999107,43.86035320500038,2.4490981101989746
73,21900,0.0002,0.489811235871166,0.5180150009691715,1.3605252240101497,1.5042786071697871,0.66452541132768,0.6509194959203403,5.18807499329249,0.19843130418409904,0.1985808672942221,26.899431400299072,12.920207362174988,0.0,0.0,16.096267138027123,37.27572330000112,44.48582963666704,2.4490981101989746
74,22200,0.0002,0.4878313958396514,0.5319115547897915,1.3580198885997137,1.4758306181430816,0.6689293564359347,0.6497203576564788,5.172243163585663,0.18672841371968388,0.19920588993156949,26.862009490331015,12.797660296758016,0.0,0.0,16.60228089993251,36.1396126000036,45.09248938500047,2.4490981101989746
75,22500,0.0002,0.4698493571486324,0.5012896752047042,1.3679291228453319,1.4743318283557891,0.6640695861975352,0.6350933179756005,5.1125628932317095,0.19041003201777737,0.19956049580747884,27.41017423947652,12.037045752207439,0.0,0.0,16.809087214421076,35.69497810001485,45.69159474000044,2.4490981101989746
76,22800,0.0002,0.49183178584401804,0.5342814602640767,1.345983834664027,1.4633027505874634,0.6556740466753642,0.6313895665605863,5.122463434537252,0.18476597919439275,0.2034730332934608,26.7691845925649,13.021336509386698,0.0,0.0,16.417149839584116,36.547147699981,46.33139655333362,2.4490981101989746
77,23100,0.0002,0.5049969400900106,0.5274929612254103,1.34243606030941,1.4750145359834035,0.6648226039608319,0.6380334080259005,5.152796529134115,0.19412752165769537,0.1968070318798224,26.60153549830119,12.902077272733052,0.0,0.0,16.70839928196874,35.91008269999293,46.93409023000034,2.4490981101989746
78,23400,0.0002,0.49685138555864494,0.5172136735046903,1.3075937734047571,1.441283062696457,0.6471290449301402,0.6216391045848528,5.031710047721862,0.18447900795688232,0.1948591514552633,26.82471113840739,12.462973116238912,0.0,0.0,16.829010663100224,35.65271970001049,47.532361301666725,2.4490981101989746
79,23700,0.0002,0.510511647456636,0.5184385008737444,1.2992539540926615,1.4162476124366123,0.6496619970599811,0.6123044233520826,5.006418135166168,0.19480970761428276,0.18847506646687787,25.977069238026935,12.615807587305705,0.0,0.0,16.871025539611974,35.56393170001684,48.12937367500029,2.4490981101989746
80,24000,0.0002,0.5275213473041852,0.5473840793967247,1.3639984969298045,1.5264226696888605,0.6667389846841494,0.664391249914964,5.296456829706828,0.17486077882970372,0.18536928622672955,27.557698990503948,12.553526365756989,0.0,0.0,16.70192261593348,35.924007900001016,48.73233249500045,2.4490981101989746
81,24300,0.0002,0.46763531394302843,0.5207920487473409,1.2978554767370225,1.4452119453748067,0.6452378079295158,0.6102329733967781,4.986965577602387,0.1811124936118722,0.20431822904696068,26.674069576263427,12.097822575569152,0.0,0.0,16.732863221500637,35.85758109999006,49.36143047500033,2.4490981101989746
82,24600,0.0002,0.4763506784290075,0.5346573796123266,1.2973343914747237,1.4102024225393932,0.645723072886467,0.61646932721138,4.980737268924713,0.1796265918513139,0.19973922214781245,26.568663447697958,12.044475676218669,0.0,0.0,16.818259355462857,35.675511199980974,49.960070913333524,2.4490981101989746
83,24900,0.0002,0.47125754471868275,0.5405120592440168,1.2874642888704935,1.4446194475889207,0.6453866571187973,0.6178523790836334,5.007092386086782,0.18046427483359972,0.2064928331784904,26.215464769999187,12.229022194544473,0.0,0.0,16.833367788432433,35.64349139999831,50.55807336500002,2.4490981101989746
84,25200,0.0002,0.48580339810500545,0.5629192591458559,1.3150227348009744,1.4777968209981918,0.647447609603405,0.632759123792251,5.1217489361763,0.17117360135540366,0.20272923462092876,26.508927141825357,12.223591358661652,0.0,0.0,16.812286566966844,35.68818540000939,51.156833755000356,2.4490981101989746
85,25500,0.0002,0.48705626791963974,0.5732181150714556,1.2898531973361969,1.4595495251814525,0.6480102315545082,0.6266468262672424,5.084334159692128,0.16329879567027092,0.19176898112520577,26.36887343406677,11.76048391421636,0.0,0.0,16.845667323842488,35.61746700000367,51.754402596666964,2.4490981101989746
86,25800,0.0002,0.4802896167772512,0.5884537674238285,1.2662411220868428,1.425873834490776,0.6467719958225886,0.613296862890323,5.020927210648854,0.1603326893846194,0.20319155054166912,25.675235312779744,12.132585411866506,0.0,0.0,16.766793767339077,35.78501700001652,52.377913918333554,2.4490981101989746
87,26100,0.0002,0.4884549930070837,0.6017479516069094,1.3122177416086196,1.4689608444770177,0.6420487718780835,0.6347313007712364,5.148161576588948,0.15210674583911896,0.19509444902961454,27.108164949417116,11.828062063058217,0.0,0.0,16.759666896259056,35.80023419999634,52.97860202500014,2.4490981101989746
88,26400,0.0002,0.5128924249485135,0.612806269514064,1.264454700946808,1.3748368432124456,0.64313118070364,0.6019575830300649,5.010079007943471,0.15312694165855645,0.18926305742934346,26.019796489079795,11.995751233100892,0.0,0.0,16.7423579367631,35.837246000010055,53.579839621666665,2.4490981101989746
89,26700,0.0002,0.49031880896538493,0.619370630060633,1.3121659551064173,1.4843282530705133,0.6390145100156466,0.6472970508038998,5.19249521334966,0.15087079215794802,0.19972861111164092,26.644444468816122,12.16373808224996,0.0,0.0,16.83019184945098,35.65021750002052,54.17796645166673,2.4490981101989746
90,27000,0.0002,0.468329070272545,0.6085326070338488,1.2640461458762486,1.3947544924418132,0.6273010687033336,0.6090309515595436,4.971994331677755,0.15139488164956372,0.2030054309622695,27.06531184196472,11.278345403671265,0.0,0.0,16.519619567482167,36.32044899999164,54.78733856333371,2.4490981101989746
91,27300,0.0002,0.48786442685872317,0.6159486930817366,1.2715024491151175,1.3943997567892075,0.633867248793443,0.6060847705602646,5.009667347272237,0.15212381000320116,0.20006630488360921,26.13463192621867,11.919253155390422,0.0,0.0,16.596296892624327,36.15264319998096,55.421268123333476,2.4490981101989746
92,27600,0.0002,0.4936770352224509,0.6235513687133789,1.2437012153863907,1.3549930051962535,0.619350468715032,0.6031290623545646,4.938402167161306,0.15117757798482975,0.19327473890036345,25.510976791381836,11.78539208014806,0.0,0.0,16.649641760479966,36.03681140000117,56.02590392333368,2.4490981101989746
93,27900,0.0002,0.48944994097575545,0.6332518963515759,1.2545288640260697,1.4181415371100108,0.6219742121299108,0.6113958405951659,5.028742294311524,0.146885890259097,0.19407647544518114,26.328657474517822,11.475822323958079,0.0,0.0,16.626131603609572,36.08776920000673,56.63135914500017,2.4490981101989746
94,28200,0.0002,0.48841769761716325,0.5861975850909948,1.2419828041394552,1.3829986827572187,0.6153371580441793,0.6140907592574756,4.929024670124054,0.1670120404412349,0.2032514609210193,25.291871932347615,12.05687218983968,0.0,0.0,16.6515002489727,36.032789299992146,57.2361108833337,2.4490981101989746
95,28500,0.0002,0.5035513511051735,0.5736540203293164,1.2856769879659018,1.4555118964115779,0.6287258970737457,0.6442789524793625,5.0913991030057275,0.16181229310731093,0.18599860647072394,27.397416858673097,11.60771755695343,0.0,0.0,16.620852303009293,36.09923180000624,57.841657815000026,2.4490981101989746
96,28800,0.0002,0.4958595125377178,0.5601328467391431,1.2227183818817138,1.3381195084253947,0.6168140735228856,0.5847786326209704,4.818422943751017,0.1721889603883028,0.1936000499812265,25.317273807525634,11.6802503657341,0.0,0.0,16.501382539461233,36.36058969999431,58.47813579500022,2.4490981101989746
97,29100,0.0002,0.4761218288913369,0.5460468262930711,1.269277148246765,1.4241544902324677,0.6140529073278109,0.6127212216456731,4.942374408245087,0.17343642114351193,0.19459312122315167,26.65165602684021,11.107764967282613,0.0,0.0,16.57518408191656,36.19869300001301,59.08546318833348,2.4490981101989746
98,29400,0.0002,0.5119635750787953,0.5681728626290957,1.276541721423467,1.4179333623250325,0.6214397745331128,0.627302288711071,5.023353591759999,0.17022438113888105,0.1930517347715795,26.187253204981484,12.06669094880422,0.0,0.0,16.585608008927,36.175942400004715,59.69234348166695,2.4490981101989746
99,29700,0.0002,0.48261748902499674,0.5668656715253989,1.2347541119654972,1.4251704331239063,0.6096593708793322,0.6233744110167027,4.942441488901774,0.1649279852087299,0.1921875808139642,26.23304964065552,11.061060371398925,0.0,0.0,16.602283242841022,36.13960749999387,60.29867070666708,2.4490981101989746
100,30000,0.0002,0.4709504072989027,0.5840949133783578,1.2281058726708094,1.447656601468722,0.611730841199557,0.6252410733699798,4.967779684861501,0.163254234790802,0.20405633991584182,26.97973581314087,11.369504966735839,0.0,0.0,16.656452837242522,36.022075400018366,60.90321408000018,2.4490981101989746
