domain,source,cycle_L1_0_1,cycle_L1_minus1_1,LPIPS
A,data/monet_jpg/000c1e3bff.jpg,0.04922260344028473,0.09844522178173065,0.28010672330856323
A,data/monet_jpg/011835cfbf.jpg,0.06635458767414093,0.13270917534828186,0.409326434135437
A,data/monet_jpg/0260d15306.jpg,0.05013462156057358,0.10026924312114716,0.31683069467544556
A,data/monet_jpg/049e293b93.jpg,0.04609528183937073,0.09219056367874146,0.38588449358940125
A,data/monet_jpg/05144e306f.jpg,0.04708997532725334,0.09417995065450668,0.3460020124912262
A,data/monet_jpg/052a77c020.jpg,0.053792815655469894,0.10758563131093979,0.31336352229118347
A,data/monet_jpg/058f878b7c.jpg,0.040945276618003845,0.08189055323600769,0.40683841705322266
A,data/monet_jpg/05b493ff42.jpg,0.0466775968670845,0.093355193734169,0.3110833168029785
A,data/monet_jpg/064487d630.jpg,0.04243837296962738,0.08487674593925476,0.3200066089630127
A,data/monet_jpg/066fe4cbaa.jpg,0.051189303398132324,0.10237860679626465,0.235591858625412
A,data/monet_jpg/07fcaee35f.jpg,0.039977602660655975,0.07995520532131195,0.28392258286476135
A,data/monet_jpg/09b76b6471.jpg,0.07556352019309998,0.15112704038619995,0.5555745363235474
A,data/monet_jpg/0a5075d42a.jpg,0.05106380581855774,0.10212761163711548,0.3704068660736084
A,data/monet_jpg/0bd913dbc7.jpg,0.05379784107208252,0.10759568214416504,0.38125893473625183
A,data/monet_jpg/0e3b3292da.jpg,0.05531109496951103,0.11062218993902206,0.22362735867500305
A,data/monet_jpg/106757e5d8.jpg,0.04811856150627136,0.09623712301254272,0.29254150390625
A,data/monet_jpg/1078363ff0.jpg,0.05414414405822754,0.10828828811645508,0.353246808052063
A,data/monet_jpg/10c555c1b1.jpg,0.04939151927828789,0.09878303855657578,0.2686164677143097
A,data/monet_jpg/118da0690c.jpg,0.06898567080497742,0.13797132670879364,0.46228930354118347
A,data/monet_jpg/11ab570c5e.jpg,0.042664915323257446,0.08532983064651489,0.37943291664123535
A,data/monet_jpg/11be65b3e9.jpg,0.040339983999729156,0.08067996799945831,0.32216519117355347
A,data/monet_jpg/133b42e498.jpg,0.03792814165353775,0.0758562833070755,0.23341239988803864
A,data/monet_jpg/14162de938.jpg,0.06115413457155228,0.12230827659368515,0.5534989833831787
A,data/monet_jpg/14ff6e6a99.jpg,0.05640339106321335,0.1128067821264267,0.32027435302734375
A,data/monet_jpg/158740962c.jpg,0.04558674246072769,0.09117348492145538,0.3300415277481079
A,data/monet_jpg/16dabe418c.jpg,0.06049036234617233,0.12098072469234467,0.5170246362686157
A,data/monet_jpg/17557a29cb.jpg,0.0597681999206543,0.1195363998413086,0.44739511609077454
A,data/monet_jpg/1814cc6632.jpg,0.05370364710688591,0.10740729421377182,0.5130098462104797
A,data/monet_jpg/184d6c66cd.jpg,0.032601676881313324,0.06520335376262665,0.2358061522245407
A,data/monet_jpg/1994b8d4a2.jpg,0.03885645791888237,0.07771291583776474,0.24085396528244019
A,data/monet_jpg/19dc36ccb2.jpg,0.04873428866267204,0.09746857732534409,0.28757232427597046
A,data/monet_jpg/1a127acf4d.jpg,0.03722976893186569,0.07445953786373138,0.2978324294090271
A,data/monet_jpg/1e4e4e63c5.jpg,0.06803759187459946,0.1360751837491989,0.6179323792457581
A,data/monet_jpg/1f22663e72.jpg,0.043369077146053314,0.08673815429210663,0.252605676651001
A,data/monet_jpg/1f9667f2a7.jpg,0.05954047292470932,0.11908094584941864,0.3164614737033844
A,data/monet_jpg/22b1ac6b44.jpg,0.038039952516555786,0.07607990503311157,0.2331506460905075
A,data/monet_jpg/23832dead5.jpg,0.040501393377780914,0.08100278675556183,0.369439959526062
A,data/monet_jpg/23b07c3769.jpg,0.05257994681596756,0.10515989363193512,0.5187186002731323
A,data/monet_jpg/23d6aeb485.jpg,0.046956077218055725,0.09391215443611145,0.4484791159629822
A,data/monet_jpg/23f0fbd77e.jpg,0.050449591130018234,0.10089918226003647,0.22953751683235168
A,data/monet_jpg/24af733334.jpg,0.05410563573241234,0.10821127146482468,0.4547593593597412
A,data/monet_jpg/252d9a4abc.jpg,0.05239517614245415,0.1047903522849083,0.30079185962677
A,data/monet_jpg/2581464ddc.jpg,0.04984722658991814,0.09969445317983627,0.3100244104862213
A,data/monet_jpg/25c9904782.jpg,0.05638530105352402,0.11277060210704803,0.2875322997570038
A,data/monet_jpg/26b66eb819.jpg,0.04734617471694946,0.09469234943389893,0.27261093258857727
A,data/monet_jpg/2759c1ed37.jpg,0.053405340760946274,0.10681068152189255,0.4312075078487396
A,data/monet_jpg/281b73fb5e.jpg,0.04443858191370964,0.08887716382741928,0.34302711486816406
A,data/monet_jpg/28deb43a71.jpg,0.08775770664215088,0.17551541328430176,0.24445685744285583
A,data/monet_jpg/295eb5c521.jpg,0.051316410303115845,0.10263282060623169,0.5418438911437988
A,data/monet_jpg/29696b4455.jpg,0.03874349594116211,0.07748699188232422,0.3216652572154999
A,data/monet_jpg/2acfbab228.jpg,0.052126429975032806,0.10425285995006561,0.28120872378349304
A,data/monet_jpg/2c00f5147f.jpg,0.05619003623723984,0.11238007247447968,0.3617391586303711
A,data/monet_jpg/2cca56415e.jpg,0.0498388335108757,0.0996776670217514,0.31412261724472046
A,data/monet_jpg/2e0d0e6e19.jpg,0.041827596724033356,0.08365519344806671,0.29493358731269836
A,data/monet_jpg/2f20944b6a.jpg,0.055046446621418,0.110092893242836,0.4742439389228821
A,data/monet_jpg/2f90c99e10.jpg,0.05293073505163193,0.10586147010326385,0.4690939486026764
A,data/monet_jpg/3283442e33.jpg,0.08636121451854706,0.17272242903709412,0.36924102902412415
A,data/monet_jpg/32cc820303.jpg,0.051256414502859116,0.10251282900571823,0.295607328414917
A,data/monet_jpg/32e33792cc.jpg,0.05068700760602951,0.10137401521205902,0.28546011447906494
A,data/monet_jpg/3417ace946.jpg,0.054488830268383026,0.10897766053676605,0.2929092049598694
A,data/monet_jpg/344d1829bb.jpg,0.0590459406375885,0.1180918961763382,0.4772486388683319
A,data/monet_jpg/3545597386.jpg,0.05592259019613266,0.11184518039226532,0.3347344696521759
A,data/monet_jpg/369f6d07e8.jpg,0.05830226466059685,0.1166045293211937,0.5586161613464355
A,data/monet_jpg/3843e221cc.jpg,0.06306546181440353,0.12613092362880707,0.5561167001724243
A,data/monet_jpg/3b262c6726.jpg,0.04470857232809067,0.08941714465618134,0.23264746367931366
A,data/monet_jpg/3c341ff93e.jpg,0.06268410384654999,0.12536820769309998,0.34553763270378113
A,data/monet_jpg/3d13fe022e.jpg,0.04579424858093262,0.09158851206302643,0.31408384442329407
A,data/monet_jpg/3deea9f4a4.jpg,0.06482584774494171,0.12965169548988342,0.42021942138671875
A,data/monet_jpg/3eaef3ee43.jpg,0.04165177792310715,0.0833035558462143,0.3015708029270172
A,data/monet_jpg/40d7d18ad3.jpg,0.050323035567998886,0.10064607113599777,0.4371715188026428
A,data/monet_jpg/417e77e946.jpg,0.03600608557462692,0.07201217114925385,0.3233128786087036
A,data/monet_jpg/4260d1c556.jpg,0.05227883905172348,0.10455767810344696,0.3617875874042511
A,data/monet_jpg/429e382095.jpg,0.03117642179131508,0.06235283613204956,0.2670811116695404
A,data/monet_jpg/463835bbc6.jpg,0.04714984819293022,0.09429969638586044,0.38709232211112976
A,data/monet_jpg/4660310c3e.jpg,0.04696090146899223,0.09392180293798447,0.36830371618270874
A,data/monet_jpg/47a0548067.jpg,0.04599433392286301,0.09198866784572601,0.3399963974952698
A,data/monet_jpg/488600cb75.jpg,0.0463542565703392,0.092708520591259,0.30982375144958496
A,data/monet_jpg/49337b68f4.jpg,0.0654100701212883,0.1308201253414154,0.3645518720149994
A,data/monet_jpg/4995c04b1a.jpg,0.04945838451385498,0.09891676902770996,0.15522387623786926
A,data/monet_jpg/4ab2583fe2.jpg,0.05718209967017174,0.11436419934034348,0.3604513704776764
A,data/monet_jpg/4ad8b366c1.jpg,0.038680002093315125,0.07736000418663025,0.37457361817359924
A,data/monet_jpg/4b0adf7c6f.jpg,0.04047287628054619,0.08094575256109238,0.21685735881328583
A,data/monet_jpg/4bb4ca7b03.jpg,0.05631473660469055,0.1126294732093811,0.32421186566352844
A,data/monet_jpg/4c0e35882c.jpg,0.06267894804477692,0.12535789608955383,0.3391088843345642
A,data/monet_jpg/4c74254ad3.jpg,0.0539795458316803,0.1079590916633606,0.4222371280193329
A,data/monet_jpg/4e05523825.jpg,0.042052533477544785,0.08410505950450897,0.27732694149017334
A,data/monet_jpg/4f045779b0.jpg,0.044260453432798386,0.08852090686559677,0.26948806643486023
A,data/monet_jpg/4f3f4ff590.jpg,0.05070090293884277,0.10140182077884674,0.32701191306114197
A,data/monet_jpg/4f4de0bbba.jpg,0.042517464607954025,0.08503492921590805,0.2070828229188919
A,data/monet_jpg/4f7e01f097.jpg,0.0901733860373497,0.1803467720746994,0.8597524762153625
A,data/monet_jpg/50855dd324.jpg,0.048573076725006104,0.09714615345001221,0.24803611636161804
A,data/monet_jpg/512cd171a9.jpg,0.052655965089797974,0.10531193017959595,0.4132780432701111
A,data/monet_jpg/5185e8c56a.jpg,0.038362886756658554,0.07672577351331711,0.22296126186847687
A,data/monet_jpg/51bdd25f76.jpg,0.06605600565671921,0.13211201131343842,0.36973899602890015
A,data/monet_jpg/51db3fc011.jpg,0.055977001786231995,0.11195400357246399,0.3137211203575134
A,data/monet_jpg/526a110636.jpg,0.049332182854413986,0.09866436570882797,0.41929709911346436
A,data/monet_jpg/52aed0f943.jpg,0.048418790102005005,0.09683758020401001,0.37573152780532837
A,data/monet_jpg/52d12dc627.jpg,0.04689539223909378,0.09379078447818756,0.2249813973903656
A,data/monet_jpg/52fc351abf.jpg,0.04940807446837425,0.0988161489367485,0.3068088889122009
A,data/monet_jpg/536aa87152.jpg,0.03760663419961929,0.07521326839923859,0.3834789991378784
A,data/monet_jpg/565f19268b.jpg,0.04466473311185837,0.08932946622371674,0.33996492624282837
A,data/monet_jpg/586acab7c5.jpg,0.03728712350130081,0.07457424700260162,0.4599953889846802
A,data/monet_jpg/5926f85cbf.jpg,0.03918182849884033,0.07836365699768066,0.42076098918914795
A,data/monet_jpg/593db29cce.jpg,0.07483930885791779,0.14967861771583557,0.23650974035263062
A,data/monet_jpg/599098859e.jpg,0.050039760768413544,0.10007952153682709,0.4140661954879761
A,data/monet_jpg/59df696966.jpg,0.05020946264266968,0.10041892528533936,0.4218018352985382
A,data/monet_jpg/5aa514ffac.jpg,0.034094713628292084,0.06818942725658417,0.25464770197868347
A,data/monet_jpg/5c79cfe0b3.jpg,0.04604928940534592,0.09209857881069183,0.4155134856700897
A,data/monet_jpg/5cb895b722.jpg,0.06208018586039543,0.12416037172079086,0.34282565116882324
A,data/monet_jpg/5e357ad790.jpg,0.04894794151186943,0.09789590537548065,0.45563915371894836
A,data/monet_jpg/5ffbfe68d4.jpg,0.03841213881969452,0.07682427763938904,0.29729169607162476
A,data/monet_jpg/6043aadea0.jpg,0.0432959720492363,0.0865919440984726,0.26359936594963074
A,data/monet_jpg/608ee0d370.jpg,0.06389226019382477,0.12778452038764954,0.3324454128742218
A,data/monet_jpg/61e735361a.jpg,0.054084308445453644,0.10816861689090729,0.3574550151824951
A,data/monet_jpg/632ddbc784.jpg,0.034970447421073914,0.06994090974330902,0.24541839957237244
A,data/monet_jpg/661e374153.jpg,0.04588932543992996,0.09177865087985992,0.33266621828079224
A,data/monet_jpg/66226e18fc.jpg,0.04497801512479782,0.08995603024959564,0.2278648316860199
A,data/monet_jpg/66a144f547.jpg,0.03502801060676575,0.0700560212135315,0.3561691641807556
A,data/monet_jpg/6742294320.jpg,0.044569194316864014,0.08913838863372803,0.33540111780166626
A,data/monet_jpg/676a5a4c2e.jpg,0.0566411018371582,0.1132822036743164,0.4025786519050598
A,data/monet_jpg/6782e7cb2a.jpg,0.08295376598834991,0.16590753197669983,0.5664366483688354
A,data/monet_jpg/68729aac07.jpg,0.03971971198916435,0.0794394239783287,0.4064527153968811
A,data/monet_jpg/68b60c04b7.jpg,0.044235579669475555,0.08847115933895111,0.29532623291015625
A,data/monet_jpg/68d60af226.jpg,0.0411854013800621,0.0823708027601242,0.23975110054016113
A,data/monet_jpg/695897bd4a.jpg,0.05536914989352226,0.11073829978704453,0.4564470052719116
A,data/monet_jpg/69f4b75a37.jpg,0.05070146173238754,0.10140292346477509,0.30088698863983154
A,data/monet_jpg/6a03aea8be.jpg,0.062363725155591965,0.12472745031118393,0.34745946526527405
A,data/monet_jpg/6bbe0e63c6.jpg,0.055106453597545624,0.11021290719509125,0.2941354215145111
A,data/monet_jpg/6bfbd1df5b.jpg,0.04763003811240196,0.09526006877422333,0.33851003646850586
A,data/monet_jpg/6c6cc46498.jpg,0.046518854796886444,0.09303770959377289,0.27129024267196655
A,data/monet_jpg/6d0e87f557.jpg,0.07234899699687958,0.14469799399375916,0.778042197227478
A,data/monet_jpg/6e0429f92e.jpg,0.040695950388908386,0.08139190077781677,0.2961803674697876
A,data/monet_jpg/6ee7c39dbc.jpg,0.05085250735282898,0.10170501470565796,0.38077646493911743
A,data/monet_jpg/6f0b9df5c5.jpg,0.04092840850353241,0.08185681700706482,0.19798895716667175
A,data/monet_jpg/7017e6caa1.jpg,0.06428411602973938,0.12856823205947876,0.5572745203971863
A,data/monet_jpg/7054793632.jpg,0.04330601915717125,0.0866120383143425,0.24242788553237915
A,data/monet_jpg/70bc945f95.jpg,0.05830796808004379,0.11661593616008759,0.42192137241363525
A,data/monet_jpg/718445ebe3.jpg,0.04617637023329735,0.0923527404665947,0.3332841694355011
A,data/monet_jpg/7239ba0b55.jpg,0.05319584533572197,0.10639169067144394,0.3076651692390442
A,data/monet_jpg/730f325b64.jpg,0.043172888457775116,0.08634577691555023,0.20811304450035095
A,data/monet_jpg/732d76a469.jpg,0.04697902128100395,0.0939580425620079,0.26335498690605164
A,data/monet_jpg/7341d96c1d.jpg,0.03844847530126572,0.07689695060253143,0.3211710751056671
A,data/monet_jpg/73f33a12c5.jpg,0.0406637005507946,0.0813274011015892,0.28015801310539246
A,data/monet_jpg/74e452fb31.jpg,0.03893953189253807,0.07787906378507614,0.17159384489059448
A,data/monet_jpg/76cc7181f8.jpg,0.06078782677650452,0.12157565355300903,0.3489864766597748
A,data/monet_jpg/77b37629f2.jpg,0.05058448761701584,0.10116897523403168,0.31289637088775635
A,data/monet_jpg/79224da51f.jpg,0.04565346986055374,0.09130692481994629,0.2756619453430176
A,data/monet_jpg/79292e1434.jpg,0.047684453427791595,0.09536890685558319,0.2680608928203583
A,data/monet_jpg/7952021d2f.jpg,0.046117208898067474,0.09223441779613495,0.3754088878631592
A,data/monet_jpg/7960adbd50.jpg,0.06161445379257202,0.12322890013456345,0.45611315965652466
A,data/monet_jpg/7cb36714d0.jpg,0.03972143307328224,0.07944286614656448,0.33110788464546204
A,data/monet_jpg/7d64c3100c.jpg,0.052914321422576904,0.10582864284515381,0.4713481664657593
A,data/monet_jpg/8044a92484.jpg,0.053497325628995895,0.10699465125799179,0.31639784574508667
A,data/monet_jpg/8077b7e9e7.jpg,0.06674971431493759,0.13349942862987518,0.3565388321876526
A,data/monet_jpg/8114fa2607.jpg,0.06665083765983582,0.13330167531967163,0.5389799475669861
A,data/monet_jpg/815624563e.jpg,0.07840108871459961,0.15680217742919922,0.2933519780635834
A,data/monet_jpg/82991e742a.jpg,0.05127234756946564,0.10254469513893127,0.36022093892097473
A,data/monet_jpg/82b9fd68b1.jpg,0.054544951766729355,0.10908990353345871,0.5289616584777832
A,data/monet_jpg/8314acfd35.jpg,0.06252533197402954,0.12505066394805908,0.5142574906349182
A,data/monet_jpg/853f8d711f.jpg,0.0484701506793499,0.0969403013586998,0.4826052784919739
A,data/monet_jpg/85580214be.jpg,0.06497380137443542,0.12994760274887085,0.2785815894603729
A,data/monet_jpg/88402296cc.jpg,0.04444572329521179,0.08889144659042358,0.22373874485492706
A,data/monet_jpg/893db2701d.jpg,0.05064469575881958,0.10128939151763916,0.39915144443511963
A,data/monet_jpg/89964efa86.jpg,0.032543882727622986,0.06508776545524597,0.24259275197982788
A,data/monet_jpg/89d970411d.jpg,0.045672446489334106,0.09134489297866821,0.27663737535476685
A,data/monet_jpg/89fcbf2f76.jpg,0.05405084043741226,0.10810168087482452,0.3089779019355774
A,data/monet_jpg/8b54448a07.jpg,0.043876394629478455,0.08775278925895691,0.25851520895957947
A,data/monet_jpg/8b7948248f.jpg,0.04409527778625488,0.08819055557250977,0.3195589780807495
A,data/monet_jpg/8b841420b4.jpg,0.03775504231452942,0.07551008462905884,0.2303619384765625
A,data/monet_jpg/8c48e112d0.jpg,0.04339037463068962,0.08678074926137924,0.3946731686592102
A,data/monet_jpg/8c8011c291.jpg,0.06601478159427643,0.13202956318855286,0.417184978723526
A,data/monet_jpg/8cfd45a2e2.jpg,0.06632497906684875,0.1326499581336975,0.7593799829483032
A,data/monet_jpg/8e5ff15568.jpg,0.05573767423629761,0.11147534847259521,0.2965348958969116
A,data/monet_jpg/8ee2933868.jpg,0.054346468299627304,0.10869293659925461,0.224245086312294
A,data/monet_jpg/8f02369f42.jpg,0.047894351184368134,0.09578870236873627,0.2686101198196411
A,data/monet_jpg/910610e827.jpg,0.058370303362607956,0.11674059927463531,0.25946545600891113
A,data/monet_jpg/910729e0ce.jpg,0.04228445887565613,0.08456891775131226,0.36531078815460205
A,data/monet_jpg/92c0ba8c0d.jpg,0.04633181542158127,0.09266363084316254,0.23509088158607483
A,data/monet_jpg/93132f89ee.jpg,0.07356962561607361,0.14713925123214722,0.4700698256492615
A,data/monet_jpg/932d0dd808.jpg,0.05805768072605133,0.11611537635326385,0.42701053619384766
A,data/monet_jpg/95a53d7b0b.jpg,0.057486485689878464,0.11497297137975693,0.3346441388130188
A,data/monet_jpg/95b5f01a85.jpg,0.04830777645111084,0.09661555290222168,0.2356492429971695
A,data/monet_jpg/9843bc25c5.jpg,0.04931618273258209,0.09863236546516418,0.2091996967792511
A,data/monet_jpg/9908d1daa9.jpg,0.06691372394561768,0.13382744789123535,0.34560275077819824
A,data/monet_jpg/990ed28f62.jpg,0.04704909771680832,0.09409819543361664,0.3150593638420105
A,data/monet_jpg/9963d64ebf.jpg,0.03419231250882149,0.06838462501764297,0.27173712849617004
A,data/monet_jpg/99a51d3e25.jpg,0.049510013312101364,0.09902002662420273,0.41667699813842773
A,data/monet_jpg/99d94af5dd.jpg,0.0398886501789093,0.0797773003578186,0.19000330567359924
A,data/monet_jpg/9ae6552353.jpg,0.04959152266383171,0.09918304532766342,0.4215361475944519
A,data/monet_jpg/9d58456cc3.jpg,0.05692088603973389,0.11384177207946777,0.5440651178359985
A,data/monet_jpg/9d9a4fccfb.jpg,0.03945138305425644,0.07890276610851288,0.33833178877830505
A,data/monet_jpg/9db9843ed1.jpg,0.046017713844776154,0.09203542768955231,0.3016388416290283
A,data/monet_jpg/9f409e3376.jpg,0.07525172829627991,0.15050345659255981,0.35062408447265625
A,data/monet_jpg/9fc868e864.jpg,0.03321953862905502,0.06643907725811005,0.22857996821403503
A,data/monet_jpg/a030bc32e6.jpg,0.044738709926605225,0.08947741985321045,0.30498963594436646
A,data/monet_jpg/a06b54dfe9.jpg,0.043929051607847214,0.08785810321569443,0.3122900128364563
A,data/monet_jpg/a202b1b200.jpg,0.06399624794721603,0.12799249589443207,0.3618393540382385
A,data/monet_jpg/a210ceedc7.jpg,0.07351844757795334,0.14703689515590668,0.32396823167800903
A,data/monet_jpg/a4e4a61fb2.jpg,0.04980192705988884,0.09960385411977768,0.2848227620124817
A,data/monet_jpg/a59f3f5b89.jpg,0.056055523455142975,0.11211104691028595,0.3409779667854309
A,data/monet_jpg/a619072f82.jpg,0.08394506573677063,0.16789013147354126,0.5773209929466248
A,data/monet_jpg/a6291c2a1c.jpg,0.04374363273382187,0.08748727291822433,0.2910900413990021
A,data/monet_jpg/a642e9cb6f.jpg,0.06955766677856445,0.1391153335571289,0.4398114085197449
A,data/monet_jpg/a7977705be.jpg,0.05591317638754845,0.1118263527750969,0.34331023693084717
A,data/monet_jpg/a7d53885e8.jpg,0.08231128752231598,0.16462257504463196,0.618569016456604
A,data/monet_jpg/a885da7b52.jpg,0.06802934408187866,0.13605868816375732,0.43475109338760376
A,data/monet_jpg/a8fbbe3eb1.jpg,0.04193035513162613,0.08386071026325226,0.1781224012374878
A,data/monet_jpg/a96b79a93f.jpg,0.051443856209516525,0.10288771241903305,0.46633297204971313
A,data/monet_jpg/aa76c7625a.jpg,0.07355424761772156,0.14710849523544312,0.4086930453777313
A,data/monet_jpg/ad0101d010.jpg,0.07591300457715988,0.15182600915431976,0.571628987789154
A,data/monet_jpg/ad8ce41fc0.jpg,0.059998493641614914,0.11999698728322983,0.33291351795196533
A,data/monet_jpg/b1310da865.jpg,0.05850167199969292,0.11700334399938583,0.4096238613128662
A,data/monet_jpg/b13c0973ee.jpg,0.04034687206149101,0.08069374412298203,0.2619597613811493
A,data/monet_jpg/b1ea5d5a7d.jpg,0.040496036410331726,0.08099207282066345,0.30522510409355164
A,data/monet_jpg/b256e61a5d.jpg,0.04580925405025482,0.09161850810050964,0.36877089738845825
A,data/monet_jpg/b2ce76c750.jpg,0.05667376518249512,0.11334753036499023,0.4908001124858856
A,data/monet_jpg/b3adc75e7d.jpg,0.054168276488780975,0.10833655297756195,0.3473886549472809
A,data/monet_jpg/b44f24c048.jpg,0.054683834314346313,0.10936766862869263,0.3439670205116272
A,data/monet_jpg/b5c2fe7c4c.jpg,0.058799467980861664,0.11759893596172333,0.4646990895271301
A,data/monet_jpg/b76d52e05a.jpg,0.054952483624219894,0.10990496724843979,0.46144407987594604
A,data/monet_jpg/b99546090b.jpg,0.04155910015106201,0.08311821520328522,0.3020473122596741
A,data/monet_jpg/ba52f976af.jpg,0.0485302209854126,0.0970604419708252,0.358886182308197
A,data/monet_jpg/baf6efabfe.jpg,0.05051527917385101,0.10103055834770203,0.3004481792449951
A,data/monet_jpg/bbc5ac4564.jpg,0.06545169651508331,0.13090339303016663,0.3986489176750183
A,data/monet_jpg/bc4b364a44.jpg,0.044943131506443024,0.08988626301288605,0.42096370458602905
A,data/monet_jpg/bf6db09354.jpg,0.03674047440290451,0.07348094880580902,0.25098878145217896
A,data/monet_jpg/c14505c1da.jpg,0.046932823956012726,0.09386564791202545,0.265949547290802
A,data/monet_jpg/c1dc1a85a4.jpg,0.03859987109899521,0.07719974219799042,0.2278398722410202
A,data/monet_jpg/c2576267d4.jpg,0.06210365891456604,0.12420731782913208,0.42019373178482056
A,data/monet_jpg/c4622e3fb6.jpg,0.04252723976969719,0.08505447953939438,0.34733712673187256
A,data/monet_jpg/c67ba2060c.jpg,0.05476602166891098,0.10953204333782196,0.5052739977836609
A,data/monet_jpg/c68c52e8fc.jpg,0.047396522015333176,0.09479305148124695,0.26533496379852295
A,data/monet_jpg/c6c360756c.jpg,0.05218195170164108,0.10436391085386276,0.2654823660850525
A,data/monet_jpg/c6c88ce9c4.jpg,0.058497510850429535,0.11699502170085907,0.45877784490585327
A,data/monet_jpg/c78b4fa3a9.jpg,0.06674478948116302,0.13348957896232605,0.1690305471420288
A,data/monet_jpg/c7d8142152.jpg,0.03733302652835846,0.07466605305671692,0.25555405020713806
A,data/monet_jpg/cb50326950.jpg,0.05779878422617912,0.11559757590293884,0.2839553654193878
A,data/monet_jpg/cb9c553ded.jpg,0.05510928854346275,0.1102185770869255,0.3240498900413513
A,data/monet_jpg/cc2bb659f4.jpg,0.07239559292793274,0.14479117095470428,0.3177788257598877
A,data/monet_jpg/cd6623d07d.jpg,0.05050871893763542,0.10101743787527084,0.21762461960315704
A,data/monet_jpg/cdddf326e3.jpg,0.03743641823530197,0.07487283647060394,0.35272324085235596
A,data/monet_jpg/ce3e0daddd.jpg,0.05094960331916809,0.10189920663833618,0.27183133363723755
A,data/monet_jpg/ceb6cf5f31.jpg,0.06336810439825058,0.12673620879650116,0.3386416435241699
A,data/monet_jpg/cf6488d84c.jpg,0.06449154764413834,0.12898309528827667,0.43630218505859375
A,data/monet_jpg/cfc6fce7b5.jpg,0.04025697708129883,0.08051395416259766,0.2952370345592499
A,data/monet_jpg/d05cab011d.jpg,0.04441121220588684,0.08882242441177368,0.23921915888786316
A,data/monet_jpg/d087730b76.jpg,0.05500234290957451,0.11000468581914902,0.22246676683425903
A,data/monet_jpg/d14c1abdd4.jpg,0.04891753941774368,0.09783507883548737,0.40275758504867554
A,data/monet_jpg/d1d9748a64.jpg,0.06827520579099655,0.1365504115819931,0.5121161937713623
A,data/monet_jpg/d239dae42d.jpg,0.06770440191030502,0.13540880382061005,0.5537538528442383
A,data/monet_jpg/d4116437bb.jpg,0.057078711688518524,0.11415743082761765,0.30680227279663086
A,data/monet_jpg/d50049fbfc.jpg,0.057109296321868896,0.11421859264373779,0.28783518075942993
A,data/monet_jpg/d5b0c260a0.jpg,0.036815349012613297,0.07363069802522659,0.36822184920310974
A,data/monet_jpg/d6d6e625bd.jpg,0.052455078810453415,0.10491015762090683,0.31344541907310486
A,data/monet_jpg/d729785cb8.jpg,0.048288822174072266,0.09657764434814453,0.27942484617233276
A,data/monet_jpg/d754850d01.jpg,0.04279674217104912,0.08559349179267883,0.33563318848609924
A,data/monet_jpg/d7948c7635.jpg,0.059286247938871384,0.11857250332832336,0.5030685067176819
A,data/monet_jpg/d88482796d.jpg,0.04035962000489235,0.0807192400097847,0.35376784205436707
A,data/monet_jpg/d9e8704878.jpg,0.05395013093948364,0.10790026187896729,0.3276805281639099
A,data/monet_jpg/da72006ef5.jpg,0.0609685443341732,0.1219370886683464,0.4690243899822235
A,data/monet_jpg/dc33f0edbe.jpg,0.053719811141490936,0.10743962228298187,0.4636063277721405
A,data/monet_jpg/dcab49d080.jpg,0.043508656322956085,0.08701731264591217,0.30861207842826843
A,data/monet_jpg/dcf5ea1040.jpg,0.03651142120361328,0.07302284240722656,0.2186562716960907
A,data/monet_jpg/dd46691bd7.jpg,0.043655335903167725,0.08731067180633545,0.34277355670928955
A,data/monet_jpg/de6f71b00f.jpg,0.03645828366279602,0.07291656732559204,0.22291794419288635
A,data/monet_jpg/df64ac2dcb.jpg,0.034068815410137177,0.06813763082027435,0.20662710070610046
A,data/monet_jpg/e2253b87a0.jpg,0.04408084973692894,0.08816169947385788,0.45023980736732483
A,data/monet_jpg/e291f8144f.jpg,0.07184749096632004,0.14369498193264008,0.461577832698822
A,data/monet_jpg/e3112413b1.jpg,0.06052439659833908,0.12104879319667816,0.5570235848426819
A,data/monet_jpg/e37407c747.jpg,0.056111663579940796,0.11222332715988159,0.4548146724700928
A,data/monet_jpg/e510a74d3c.jpg,0.040074314922094345,0.08014862984418869,0.25395041704177856
A,data/monet_jpg/e568f84fad.jpg,0.051835816353559494,0.10367163270711899,0.3230290412902832
A,data/monet_jpg/e753318d04.jpg,0.04881750047206879,0.09763500094413757,0.4227539598941803
A,data/monet_jpg/e88d9de918.jpg,0.05024893581867218,0.10049787163734436,0.2315850555896759
A,data/monet_jpg/e9580cd500.jpg,0.05197169631719589,0.10394339263439178,0.27671152353286743
A,data/monet_jpg/e9f5563817.jpg,0.07470674812793732,0.14941349625587463,0.3745616376399994
A,data/monet_jpg/e9f686534b.jpg,0.052125655114650726,0.10425131022930145,0.3402412533760071
A,data/monet_jpg/eb3cc5c559.jpg,0.04485560581088066,0.08971121162176132,0.35645776987075806
A,data/monet_jpg/ec3398cef9.jpg,0.05796746909618378,0.11593495309352875,0.3390852212905884
A,data/monet_jpg/ec78d80dbd.jpg,0.061796218156814575,0.12359243631362915,0.33723974227905273
A,data/monet_jpg/ed597655a0.jpg,0.05796929448843002,0.11593858897686005,0.5318064093589783
A,data/monet_jpg/ede9769cb3.jpg,0.09091822803020477,0.18183642625808716,0.4397856891155243
A,data/monet_jpg/ee7adac58f.jpg,0.04455135390162468,0.08910270780324936,0.27434825897216797
A,data/monet_jpg/f04c9d8e34.jpg,0.04880814254283905,0.0976162850856781,0.39147570729255676
A,data/monet_jpg/f0884db067.jpg,0.05774098262190819,0.11548196524381638,0.4081537127494812
A,data/monet_jpg/f0d789c4bc.jpg,0.05419577285647392,0.10839154571294785,0.39520061016082764
A,data/monet_jpg/f4413e97bd.jpg,0.059245288372039795,0.11849057674407959,0.44479286670684814
A,data/monet_jpg/f486c1655f.jpg,0.08152996003627777,0.16305992007255554,0.5435734391212463
A,data/monet_jpg/f7836c88eb.jpg,0.04608727619051933,0.09217455238103867,0.3251097798347473
A,data/monet_jpg/f821791c85.jpg,0.040765803307294846,0.08153160661458969,0.24779096245765686
A,data/monet_jpg/f84fb4516a.jpg,0.05600699782371521,0.11201399564743042,0.32379111647605896
A,data/monet_jpg/f96a8de9f3.jpg,0.05207378417253494,0.10414756834506989,0.44182392954826355
A,data/monet_jpg/fb3b06dcb2.jpg,0.040521666407585144,0.08104333281517029,0.310679167509079
A,data/monet_jpg/fb806a2a1c.jpg,0.060423772782087326,0.12084754556417465,0.49194014072418213
A,data/monet_jpg/fb93438ff9.jpg,0.037644509226083755,0.07528901845216751,0.2538258731365204
A,data/monet_jpg/fba982625d.jpg,0.05462157353758812,0.10924314707517624,0.47133225202560425
A,data/monet_jpg/fc11d52502.jpg,0.06571470946073532,0.13142940402030945,0.3796587884426117
A,data/monet_jpg/fd63a333f1.jpg,0.05102064460515976,0.10204128921031952,0.35428881645202637
A,data/monet_jpg/fdf1530d95.jpg,0.03982112556695938,0.07964225858449936,0.3239118456840515
A,data/monet_jpg/ffd74c77ea.jpg,0.03513181209564209,0.07026362419128418,0.26048073172569275
B,data/photo_jpg/00068bc07f.jpg,0.04510755464434624,0.09021510928869247,0.2640328109264374
B,data/photo_jpg/000910d219.jpg,0.06429702043533325,0.1285940408706665,0.2659876346588135
B,data/photo_jpg/000ded5c41.jpg,0.05377987027168274,0.10755974054336548,0.3591351807117462
B,data/photo_jpg/00104fd531.jpg,0.05148480832576752,0.10296961665153503,0.35645124316215515
B,data/photo_jpg/001158d595.jpg,0.0471515879034996,0.0943031758069992,0.19540221989154816
B,data/photo_jpg/0033c5f971.jpg,0.0427570641040802,0.0855141282081604,0.28583887219429016
B,data/photo_jpg/0039ebb598.jpg,0.04907098412513733,0.09814196825027466,0.36909425258636475
B,data/photo_jpg/003aab6fdd.jpg,0.08830302953720093,0.17660605907440186,0.38845378160476685
B,data/photo_jpg/003c6c30e0.jpg,0.05935131758451462,0.11870263516902924,0.33372610807418823
B,data/photo_jpg/00479e2a21.jpg,0.06666453182697296,0.13332906365394592,0.28717556595802307
B,data/photo_jpg/005f987f56.jpg,0.08150359988212585,0.1630071997642517,0.22153174877166748
B,data/photo_jpg/0080f94ebc.jpg,0.04813957214355469,0.09627914428710938,0.25457486510276794
B,data/photo_jpg/00882b7e1d.jpg,0.05050790309906006,0.10101580619812012,0.3113500773906708
B,data/photo_jpg/009d534136.jpg,0.04325762391090393,0.08651524782180786,0.26260846853256226
B,data/photo_jpg/009ddaed1f.jpg,0.053325191140174866,0.10665038228034973,0.28176072239875793
B,data/photo_jpg/00aeb60e25.jpg,0.05434795841574669,0.10869591683149338,0.2501257658004761
B,data/photo_jpg/00c6a0ad1e.jpg,0.060075607150793076,0.12015121430158615,0.3628278970718384
B,data/photo_jpg/00dcf0f1e3.jpg,0.1042221412062645,0.208444282412529,0.32786768674850464
B,data/photo_jpg/00dff09ebe.jpg,0.04293176531791687,0.08586353063583374,0.3147643804550171
B,data/photo_jpg/00e1798585.jpg,0.05408751964569092,0.10817503929138184,0.288582444190979
B,data/photo_jpg/00e64e1b2c.jpg,0.07251092791557312,0.14502185583114624,0.2934054136276245
B,data/photo_jpg/00f78547f0.jpg,0.06649293005466461,0.13298586010932922,0.43067196011543274
B,data/photo_jpg/00fcff630e.jpg,0.06714893132448196,0.13429786264896393,0.3706892728805542
B,data/photo_jpg/01135e4771.jpg,0.06307686865329742,0.12615373730659485,0.1960187703371048
B,data/photo_jpg/011f46de73.jpg,0.04305225610733032,0.08610451221466064,0.19644348323345184
B,data/photo_jpg/012df5ce29.jpg,0.048322953283786774,0.09664589166641235,0.16985225677490234
B,data/photo_jpg/01416e7ada.jpg,0.07009395211935043,0.14018790423870087,0.5018284916877747
B,data/photo_jpg/01480da48f.jpg,0.04142047092318535,0.0828409418463707,0.2757686674594879
B,data/photo_jpg/0159685c51.jpg,0.14097702503204346,0.2819540500640869,0.3618711233139038
B,data/photo_jpg/015f79b672.jpg,0.05172053724527359,0.10344107449054718,0.2508723735809326
B,data/photo_jpg/01622039ef.jpg,0.08346520364284515,0.1669304072856903,0.26919418573379517
B,data/photo_jpg/0162322d2d.jpg,0.06587844341993332,0.13175688683986664,0.2586309313774109
B,data/photo_jpg/016d408833.jpg,0.06825827062129974,0.1365165412425995,0.43258562684059143
B,data/photo_jpg/016f524878.jpg,0.07983237504959106,0.15966475009918213,0.25155574083328247
B,data/photo_jpg/017018f377.jpg,0.09293247759342194,0.18586495518684387,0.3411214351654053
B,data/photo_jpg/01771d99c3.jpg,0.048058971762657166,0.09611794352531433,0.2713574171066284
B,data/photo_jpg/017aacad6e.jpg,0.0669977217912674,0.1339954435825348,0.3454102873802185
B,data/photo_jpg/018be60883.jpg,0.05284234881401062,0.10568469762802124,0.2614893317222595
B,data/photo_jpg/018db0f253.jpg,0.06781768053770065,0.1356353610754013,0.30001404881477356
B,data/photo_jpg/01952c7673.jpg,0.07459460198879242,0.14918920397758484,0.47509273886680603
B,data/photo_jpg/01971e48e5.jpg,0.058912064880132675,0.11782413721084595,0.3554791212081909
B,data/photo_jpg/019cf7682d.jpg,0.06291335076093674,0.12582670152187347,0.2035430371761322
B,data/photo_jpg/01ae8be57e.jpg,0.05592302978038788,0.11184605956077576,0.19946223497390747
B,data/photo_jpg/01af5f8623.jpg,0.0710272416472435,0.142054483294487,0.321943461894989
B,data/photo_jpg/01bce47d3f.jpg,0.047486066818237305,0.09497213363647461,0.2911164462566376
B,data/photo_jpg/01c4f86e3e.jpg,0.05549245327711105,0.1109849065542221,0.3534427285194397
B,data/photo_jpg/01f7a6398e.jpg,0.08740390837192535,0.1748078167438507,0.37062329053878784
B,data/photo_jpg/02001e59af.jpg,0.06604225188493729,0.13208450376987457,0.2953425645828247
B,data/photo_jpg/0212257854.jpg,0.07051882147789001,0.14103764295578003,0.22609305381774902
B,data/photo_jpg/021df2c226.jpg,0.0700644999742508,0.1401289999485016,0.23154161870479584
B,data/photo_jpg/022ca16b0f.jpg,0.07023683190345764,0.14047366380691528,0.3243440091609955
B,data/photo_jpg/023637f8fb.jpg,0.12320664525032043,0.24641329050064087,0.46764689683914185
B,data/photo_jpg/023eed0385.jpg,0.055684249848127365,0.11136849969625473,0.34406471252441406
B,data/photo_jpg/023f3cbb75.jpg,0.056425951421260834,0.11285190284252167,0.23125211894512177
B,data/photo_jpg/0240a597f5.jpg,0.04674752056598663,0.09349504113197327,0.17545868456363678
B,data/photo_jpg/024d98032b.jpg,0.054048892110586166,0.10809778422117233,0.23171330988407135
B,data/photo_jpg/0254fc91bd.jpg,0.10501956939697266,0.2100391387939453,0.3818759322166443
B,data/photo_jpg/02620a36f7.jpg,0.060902565717697144,0.12180513143539429,0.34260523319244385
B,data/photo_jpg/026ac33f9c.jpg,0.060110703110694885,0.12022140622138977,0.2583279311656952
B,data/photo_jpg/029524fd91.jpg,0.07058816403150558,0.14117632806301117,0.3891785144805908
B,data/photo_jpg/029854a790.jpg,0.17546483874320984,0.3509296774864197,0.43991121649742126
B,data/photo_jpg/02a1366c74.jpg,0.0700216144323349,0.1400432288646698,0.20736369490623474
B,data/photo_jpg/02a4445906.jpg,0.06392933428287506,0.12785866856575012,0.28719669580459595
B,data/photo_jpg/02b232fc78.jpg,0.05697060748934746,0.11394121497869492,0.34368929266929626
B,data/photo_jpg/02c43186c8.jpg,0.04606553167104721,0.09213106334209442,0.2598820626735687
B,data/photo_jpg/02c6c1f6a9.jpg,0.04498741030693054,0.08997482061386108,0.22811971604824066
B,data/photo_jpg/02cd89f56d.jpg,0.05492744967341423,0.10985489934682846,0.3719416856765747
B,data/photo_jpg/02d763f1c2.jpg,0.05200757831335068,0.10401515662670135,0.27862003445625305
B,data/photo_jpg/02ded12bbd.jpg,0.17506667971611023,0.35013335943222046,0.5826272368431091
B,data/photo_jpg/02ea18a456.jpg,0.06057361885905266,0.12114724516868591,0.28998610377311707
B,data/photo_jpg/02ec33e094.jpg,0.05372873693704605,0.1074574738740921,0.2441655993461609
B,data/photo_jpg/0312af1e14.jpg,0.06245945394039154,0.12491890788078308,0.34083274006843567
B,data/photo_jpg/032389e868.jpg,0.051404353231191635,0.10280870646238327,0.23760895431041718
B,data/photo_jpg/03242238ae.jpg,0.05179793760180473,0.10359587520360947,0.46161147952079773
B,data/photo_jpg/0324f82fee.jpg,0.04428033158183098,0.08856066316366196,0.30068638920783997
B,data/photo_jpg/0341fa51d0.jpg,0.0492326095700264,0.0984652191400528,0.30445653200149536
B,data/photo_jpg/0344a47135.jpg,0.06360137462615967,0.12720274925231934,0.21287815272808075
B,data/photo_jpg/034627340c.jpg,0.06324583292007446,0.12649166584014893,0.20314638316631317
B,data/photo_jpg/0362dd81bb.jpg,0.05471603199839592,0.10943206399679184,0.24498915672302246
B,data/photo_jpg/0378bcc7c9.jpg,0.06471163034439087,0.12942324578762054,0.2613814175128937
B,data/photo_jpg/03950208ff.jpg,0.06504588574171066,0.13009177148342133,0.4313505291938782
B,data/photo_jpg/03a17d96e1.jpg,0.05826966464519501,0.11653932183980942,0.36209404468536377
B,data/photo_jpg/03a21c1b9c.jpg,0.06269337236881256,0.12538674473762512,0.2798379063606262
B,data/photo_jpg/03a2b7ce83.jpg,0.07048855721950531,0.14097711443901062,0.3485720157623291
B,data/photo_jpg/03ae080a47.jpg,0.06049953028559685,0.1209990605711937,0.2452203929424286
B,data/photo_jpg/03ae26ed88.jpg,0.0650063306093216,0.1300126612186432,0.2897782325744629
B,data/photo_jpg/03bac83f64.jpg,0.08586889505386353,0.17173779010772705,0.3349340558052063
B,data/photo_jpg/03be88270f.jpg,0.059248290956020355,0.11849658191204071,0.28638261556625366
B,data/photo_jpg/03c5d1d098.jpg,0.04518744349479675,0.0903748869895935,0.3476138114929199
B,data/photo_jpg/03c9f2e3c2.jpg,0.090016208589077,0.180032417178154,0.4774630665779114
B,data/photo_jpg/03c9f3d584.jpg,0.06441137194633484,0.12882274389266968,0.16786542534828186
B,data/photo_jpg/03cc206144.jpg,0.045969121158123016,0.09193824231624603,0.26988476514816284
B,data/photo_jpg/03d47c18a5.jpg,0.03815865516662598,0.07631730288267136,0.21765142679214478
B,data/photo_jpg/03d6a4d860.jpg,0.04541604965925217,0.09083209931850433,0.18745706975460052
B,data/photo_jpg/03dde7a28f.jpg,0.07840679585933685,0.1568135917186737,0.444711834192276
B,data/photo_jpg/03e48faafa.jpg,0.06548632681369781,0.13097265362739563,0.2766585052013397
B,data/photo_jpg/03fd7067c1.jpg,0.08365660905838013,0.16731321811676025,0.4400435984134674
B,data/photo_jpg/03fe5d2263.jpg,0.06394650042057037,0.12789300084114075,0.2652684450149536
B,data/photo_jpg/0409e76de0.jpg,0.05130404978990555,0.1026080995798111,0.3102697730064392
B,data/photo_jpg/0425fc7ce5.jpg,0.06594683974981308,0.13189366459846497,0.29547014832496643
B,data/photo_jpg/042f0e804d.jpg,0.08017821609973907,0.16035643219947815,0.34161296486854553
B,data/photo_jpg/0435dc46a4.jpg,0.057070113718509674,0.11414023488759995,0.1678638756275177
B,data/photo_jpg/0436aaaf16.jpg,0.10973948240280151,0.21947896480560303,0.4532265365123749
B,data/photo_jpg/04387e4338.jpg,0.06817840784788132,0.13635681569576263,0.2874736785888672
B,data/photo_jpg/043b541b77.jpg,0.09353452175855637,0.18706904351711273,0.2998589277267456
B,data/photo_jpg/044c1653cf.jpg,0.05897580832242966,0.11795161664485931,0.23800228536128998
B,data/photo_jpg/0450d4f8ae.jpg,0.04306745156645775,0.0861349031329155,0.22706392407417297
B,data/photo_jpg/0451cdb867.jpg,0.12082268297672272,0.24164536595344543,0.3895457983016968
B,data/photo_jpg/045e937903.jpg,0.07365048676729202,0.14730098843574524,0.3248946964740753
B,data/photo_jpg/0466d4cdf9.jpg,0.0779232531785965,0.155846506357193,0.22730191051959991
B,data/photo_jpg/0473a25050.jpg,0.05174402892589569,0.10348805785179138,0.29731225967407227
B,data/photo_jpg/047acab66b.jpg,0.04253624007105827,0.08507248014211655,0.36060553789138794
B,data/photo_jpg/047da870f6.jpg,0.0654529333114624,0.1309058666229248,0.2391883283853531
B,data/photo_jpg/04838b8b1e.jpg,0.04676441848278046,0.09352883696556091,0.23872719705104828
B,data/photo_jpg/049576d31c.jpg,0.08428895473480225,0.1685779094696045,0.4844294786453247
B,data/photo_jpg/049b0ece59.jpg,0.060784321278333664,0.12156864255666733,0.3094598650932312
B,data/photo_jpg/04a5fc42e1.jpg,0.03378497064113617,0.06756993383169174,0.20948509871959686
B,data/photo_jpg/04b8bfdb1c.jpg,0.07352764904499054,0.14705529808998108,0.27741968631744385
B,data/photo_jpg/04cb1f4705.jpg,0.11659085005521774,0.23318170011043549,0.29801511764526367
B,data/photo_jpg/04cf8e6d5f.jpg,0.04634084552526474,0.09268169850111008,0.23586362600326538
B,data/photo_jpg/04d7e14fbe.jpg,0.062087491154670715,0.12417498230934143,0.2561191916465759
B,data/photo_jpg/04d91d7bda.jpg,0.040576234459877014,0.08115246891975403,0.3983832001686096
B,data/photo_jpg/04e32c4dc1.jpg,0.0682050883769989,0.1364101767539978,0.39876189827919006
B,data/photo_jpg/04ec8c9ec2.jpg,0.17622268199920654,0.3524453639984131,0.30865734815597534
B,data/photo_jpg/04f59976b5.jpg,0.0660853460431099,0.1321706920862198,0.29168280959129333
B,data/photo_jpg/04f71da37b.jpg,0.04849202558398247,0.09698405116796494,0.2772963345050812
B,data/photo_jpg/04f72d81b0.jpg,0.05157354474067688,0.10314708948135376,0.393154501914978
B,data/photo_jpg/04f80539d7.jpg,0.0741334781050682,0.1482669562101364,0.2986539602279663
B,data/photo_jpg/04fa2a606d.jpg,0.044415902346372604,0.08883180469274521,0.2918281555175781
B,data/photo_jpg/04fa456bc9.jpg,0.09180818498134613,0.18361636996269226,0.3178817331790924
B,data/photo_jpg/05057d04f7.jpg,0.08293496072292328,0.16586992144584656,0.24318918585777283
B,data/photo_jpg/0506726dbd.jpg,0.0811394676566124,0.1622789353132248,0.5284518003463745
B,data/photo_jpg/050da171c0.jpg,0.09769503772258759,0.19539007544517517,0.46973711252212524
B,data/photo_jpg/051159e33a.jpg,0.08301049470901489,0.16602098941802979,0.31264689564704895
B,data/photo_jpg/051a7c9ae6.jpg,0.07047432661056519,0.14094865322113037,0.26291555166244507
B,data/photo_jpg/051bde8166.jpg,0.06458132714033127,0.12916265428066254,0.21790245175361633
B,data/photo_jpg/051c1b5ee3.jpg,0.07850667089223862,0.15701334178447723,0.2436922788619995
B,data/photo_jpg/0529dd48c8.jpg,0.059586070477962494,0.1191721260547638,0.24165251851081848
B,data/photo_jpg/053024baa2.jpg,0.07102987170219421,0.14205974340438843,0.47318756580352783
B,data/photo_jpg/0541ce0c1a.jpg,0.061695657670497894,0.12339132279157639,0.2789834439754486
B,data/photo_jpg/0547a52b93.jpg,0.09540063142776489,0.19080126285552979,0.3049392104148865
B,data/photo_jpg/054f264b2e.jpg,0.07622396945953369,0.15244793891906738,0.26581522822380066
B,data/photo_jpg/054f375c69.jpg,0.13922280073165894,0.27844560146331787,0.2484806925058365
B,data/photo_jpg/05557b0148.jpg,0.04464651271700859,0.08929302543401718,0.39016473293304443
B,data/photo_jpg/055c3026f8.jpg,0.07064951956272125,0.1412990391254425,0.2748134136199951
B,data/photo_jpg/055dac1e18.jpg,0.057318251579999924,0.11463650315999985,0.19625665247440338
B,data/photo_jpg/055e5dca6e.jpg,0.049286849796772,0.098573699593544,0.2604321837425232
B,data/photo_jpg/05646c5cdb.jpg,0.08347998559474945,0.1669599711894989,0.3308253288269043
B,data/photo_jpg/0572f32305.jpg,0.058615874499082565,0.11723174899816513,0.35773763060569763
B,data/photo_jpg/057d83cdee.jpg,0.0823167935013771,0.1646335870027542,0.35535722970962524
B,data/photo_jpg/058af422c6.jpg,0.1219179630279541,0.2438359558582306,0.27967187762260437
B,data/photo_jpg/0597c38d69.jpg,0.03929593414068222,0.07859186828136444,0.22510674595832825
B,data/photo_jpg/05a3801bed.jpg,0.04812326282262802,0.09624652564525604,0.32659125328063965
B,data/photo_jpg/05a84fad61.jpg,0.053797997534275055,0.10759599506855011,0.3841968774795532
B,data/photo_jpg/05c885c810.jpg,0.053357791155576706,0.10671558231115341,0.20911501348018646
B,data/photo_jpg/05ca68299e.jpg,0.10356827825307846,0.20713655650615692,0.3106129467487335
B,data/photo_jpg/05e37a8900.jpg,0.050152890384197235,0.10030578076839447,0.35253679752349854
B,data/photo_jpg/05e88ecd0a.jpg,0.07952054589986801,0.15904109179973602,0.26519569754600525
B,data/photo_jpg/05f0db4d14.jpg,0.07561951875686646,0.1512390375137329,0.3644964098930359
B,data/photo_jpg/05f22b97da.jpg,0.05913430079817772,0.11826860159635544,0.3536186218261719
B,data/photo_jpg/05f4b38e6e.jpg,0.06600039452314377,0.13200080394744873,0.29715681076049805
B,data/photo_jpg/06058e6cb0.jpg,0.07251215726137161,0.14502429962158203,0.29230982065200806
B,data/photo_jpg/0606110c45.jpg,0.08005291223526001,0.16010582447052002,0.26314103603363037
B,data/photo_jpg/061bb611e0.jpg,0.051055531948804855,0.10211106389760971,0.2892737090587616
B,data/photo_jpg/061f0095f0.jpg,0.06393790245056152,0.12787580490112305,0.4030054807662964
B,data/photo_jpg/062313a97c.jpg,0.05510949343442917,0.11021898686885834,0.2024090588092804
B,data/photo_jpg/06371834cb.jpg,0.03806837275624275,0.0761367455124855,0.26865705847740173
B,data/photo_jpg/063ab57d41.jpg,0.052913229912519455,0.10582645982503891,0.17902764678001404
B,data/photo_jpg/064b9119de.jpg,0.07942932099103928,0.15885865688323975,0.4566635489463806
B,data/photo_jpg/064babb7f0.jpg,0.04709438234567642,0.09418876469135284,0.287939190864563
B,data/photo_jpg/064f91250d.jpg,0.040023136883974075,0.08004627376794815,0.3687868118286133
B,data/photo_jpg/065b649ac7.jpg,0.07178612798452377,0.14357225596904755,0.48782604932785034
B,data/photo_jpg/0665264678.jpg,0.0601501539349556,0.1203003078699112,0.26001179218292236
B,data/photo_jpg/066b81e0f9.jpg,0.07770378887653351,0.15540757775306702,0.3384537100791931
B,data/photo_jpg/068381ad63.jpg,0.19907379150390625,0.3981475830078125,0.2552025318145752
B,data/photo_jpg/068cc6fe3f.jpg,0.07262576371431351,0.14525152742862701,0.3700666129589081
B,data/photo_jpg/0696f8142e.jpg,0.08680367469787598,0.17360734939575195,0.4869711399078369
B,data/photo_jpg/069e6e5b82.jpg,0.05589648336172104,0.11179296672344208,0.3460855185985565
B,data/photo_jpg/06a5930183.jpg,0.060795050114393234,0.12159010022878647,0.27710503339767456
B,data/photo_jpg/06a9cf2d11.jpg,0.04192546010017395,0.0838509127497673,0.2954234480857849
B,data/photo_jpg/06b2c2dfca.jpg,0.06051240116357803,0.12102480232715607,0.20254133641719818
B,data/photo_jpg/06b8114f82.jpg,0.053218431770801544,0.10643686354160309,0.3612658977508545
B,data/photo_jpg/06c2d19658.jpg,0.05926660820841789,0.11853321641683578,0.30643022060394287
B,data/photo_jpg/06c549794b.jpg,0.061412565410137177,0.12282513082027435,0.34949320554733276
B,data/photo_jpg/06c89c4c23.jpg,0.06208380311727524,0.12416760623455048,0.309188574552536
B,data/photo_jpg/06c9326c86.jpg,0.05672098323702812,0.11344196647405624,0.2977375388145447
B,data/photo_jpg/06e117b31e.jpg,0.05466326326131821,0.10932652652263641,0.23514805734157562
B,data/photo_jpg/06e156d8ba.jpg,0.0616631880402565,0.123326376080513,0.2983286380767822
B,data/photo_jpg/06f749912b.jpg,0.05552064627408981,0.11104129254817963,0.25041723251342773
B,data/photo_jpg/07054731ab.jpg,0.03374712914228439,0.06749425828456879,0.27336356043815613
B,data/photo_jpg/0709ff32ee.jpg,0.06203579157590866,0.12407158315181732,0.25515851378440857
B,data/photo_jpg/0711866dcd.jpg,0.11473747342824936,0.22947494685649872,0.31685614585876465
B,data/photo_jpg/071c375c2c.jpg,0.09241043031215668,0.18482086062431335,0.37322843074798584
B,data/photo_jpg/0723d52098.jpg,0.0442592054605484,0.0885184109210968,0.22764524817466736
B,data/photo_jpg/0724805941.jpg,0.05792025849223137,0.11584051698446274,0.25955045223236084
B,data/photo_jpg/072f1336c9.jpg,0.07043689489364624,0.14087378978729248,0.49490806460380554
B,data/photo_jpg/07362b3f42.jpg,0.053166069090366364,0.10633213818073273,0.4464336633682251
B,data/photo_jpg/073e8b3056.jpg,0.08084270358085632,0.16168539226055145,0.3381699025630951
B,data/photo_jpg/074218de82.jpg,0.06478618085384369,0.12957236170768738,0.37787318229675293
B,data/photo_jpg/074ea8cb6e.jpg,0.03447263687849045,0.0689452737569809,0.20589923858642578
B,data/photo_jpg/07573a95f6.jpg,0.047534070909023285,0.09506814181804657,0.33061981201171875
B,data/photo_jpg/075e8d4617.jpg,0.05386851727962494,0.10773703455924988,0.26860296726226807
B,data/photo_jpg/0761281e3b.jpg,0.06315962225198746,0.12631924450397491,0.3832898736000061
B,data/photo_jpg/076c62582d.jpg,0.05761275812983513,0.11522551625967026,0.23792557418346405
B,data/photo_jpg/0770ea1a07.jpg,0.07770413160324097,0.15540826320648193,0.2643889784812927
B,data/photo_jpg/077bf7e451.jpg,0.13041147589683533,0.26082295179367065,0.22887811064720154
B,data/photo_jpg/078cd3ce07.jpg,0.048120275139808655,0.09624055027961731,0.19691695272922516
B,data/photo_jpg/078fd1bc42.jpg,0.07035361975431442,0.14070723950862885,0.325341135263443
B,data/photo_jpg/07939b1fde.jpg,0.07830117642879486,0.15660235285758972,0.2798430919647217
B,data/photo_jpg/079da3af1e.jpg,0.05117341876029968,0.10234683752059937,0.2594529688358307
B,data/photo_jpg/07b7fdff1b.jpg,0.10618098825216293,0.21236199140548706,0.3521156907081604
B,data/photo_jpg/07bf7d7df1.jpg,0.06301899999380112,0.12603799998760223,0.27599000930786133
B,data/photo_jpg/07cb260548.jpg,0.0881025642156601,0.1762051284313202,0.22586941719055176
B,data/photo_jpg/07e9bc5956.jpg,0.03759150952100754,0.07518301904201508,0.22218403220176697
B,data/photo_jpg/07ea3a38d2.jpg,0.09251013398170471,0.18502026796340942,0.5005074143409729
B,data/photo_jpg/07f37dfe50.jpg,0.0420636348426342,0.084127277135849,0.29133185744285583
B,data/photo_jpg/07f730ef9a.jpg,0.03858421742916107,0.07716843485832214,0.39031463861465454
B,data/photo_jpg/08009f0be5.jpg,0.07371586561203003,0.14743171632289886,0.25569242238998413
B,data/photo_jpg/0811c84b0c.jpg,0.05315372347831726,0.10630744695663452,0.23287761211395264
B,data/photo_jpg/081955febb.jpg,0.06931399554014206,0.13862799108028412,0.23624080419540405
B,data/photo_jpg/08247a7020.jpg,0.046832554042339325,0.09366510808467865,0.35216444730758667
B,data/photo_jpg/082786cc1f.jpg,0.06325152516365051,0.12650305032730103,0.25192245841026306
B,data/photo_jpg/08341635fa.jpg,0.04306856542825699,0.08613713085651398,0.2967756390571594
B,data/photo_jpg/0844c2cddf.jpg,0.06968043744564056,0.13936087489128113,0.33241239190101624
B,data/photo_jpg/0845e8dc24.jpg,0.1051369160413742,0.2102738320827484,0.4348384737968445
B,data/photo_jpg/085c73097f.jpg,0.07998821139335632,0.15997642278671265,0.30083441734313965
B,data/photo_jpg/0860f1e141.jpg,0.06307521462440491,0.12615042924880981,0.25168734788894653
B,data/photo_jpg/08645ef69b.jpg,0.07285533845424652,0.14571067690849304,0.26703882217407227
B,data/photo_jpg/087e779e73.jpg,0.06997153162956238,0.13994304835796356,0.20351436734199524
B,data/photo_jpg/08874a6ee1.jpg,0.04829471930861473,0.09658943861722946,0.34480252861976624
B,data/photo_jpg/088972cf3f.jpg,0.05486208200454712,0.10972416400909424,0.26073965430259705
B,data/photo_jpg/089406822c.jpg,0.05552936717867851,0.11105872690677643,0.3133719861507416
B,data/photo_jpg/08a203b59d.jpg,0.0438053235411644,0.0876106470823288,0.3552608788013458
B,data/photo_jpg/08acc490a3.jpg,0.1267903596162796,0.2535807192325592,0.26259008049964905
B,data/photo_jpg/08b790bca7.jpg,0.08967690169811249,0.17935380339622498,0.48084503412246704
B,data/photo_jpg/08c1754f70.jpg,0.0671824961900711,0.1343649923801422,0.2597939372062683
B,data/photo_jpg/08cbd0d6c4.jpg,0.060146063566207886,0.12029212713241577,0.29359593987464905
B,data/photo_jpg/08cbd51033.jpg,0.06054934859275818,0.12109869718551636,0.2939908504486084
B,data/photo_jpg/08d7603c9c.jpg,0.06492631137371063,0.12985262274742126,0.42595189809799194
B,data/photo_jpg/08da1e5774.jpg,0.06337464600801468,0.12674930691719055,0.27388709783554077
B,data/photo_jpg/08e3354189.jpg,0.04985751211643219,0.09971502423286438,0.23065398633480072
B,data/photo_jpg/08fa88c02c.jpg,0.04815515875816345,0.0963103175163269,0.19621320068836212
B,data/photo_jpg/08fa8a6f26.jpg,0.09508376568555832,0.19016753137111664,0.4605088531970978
B,data/photo_jpg/08fd7ac09b.jpg,0.059880346059799194,0.11976070702075958,0.28898438811302185
B,data/photo_jpg/090d5b3cca.jpg,0.05323256179690361,0.10646512359380722,0.23984791338443756
B,data/photo_jpg/091b6b9b07.jpg,0.047234855592250824,0.09446971118450165,0.29832085967063904
B,data/photo_jpg/0922bbb3c1.jpg,0.07232397049665451,0.14464794099330902,0.1964099109172821
B,data/photo_jpg/0932ad9605.jpg,0.05740101635456085,0.11480202525854111,0.19910097122192383
B,data/photo_jpg/0938dc0298.jpg,0.057212650775909424,0.11442530155181885,0.4606018662452698
B,data/photo_jpg/0939723138.jpg,0.0602315291762352,0.1204630583524704,0.20670409500598907
B,data/photo_jpg/093be92a48.jpg,0.06719490885734558,0.13438981771469116,0.198297381401062
B,data/photo_jpg/093e24f728.jpg,0.04374823719263077,0.08749647438526154,0.24034105241298676
B,data/photo_jpg/0945008455.jpg,0.06287842243909836,0.12575684487819672,0.3167511522769928
B,data/photo_jpg/09591edd0a.jpg,0.06781407445669174,0.13562814891338348,0.2628021836280823
B,data/photo_jpg/095bc5a33d.jpg,0.056382473558187485,0.11276494711637497,0.3007926940917969
B,data/photo_jpg/096165f6f0.jpg,0.09105517715215683,0.18211035430431366,0.255843847990036
B,data/photo_jpg/0962094f25.jpg,0.0853959172964096,0.1707918345928192,0.19709321856498718
B,data/photo_jpg/0963accefe.jpg,0.0555957667529583,0.1111915335059166,0.2541285753250122
B,data/photo_jpg/096495c50c.jpg,0.07377289235591888,0.14754578471183777,0.19083833694458008
B,data/photo_jpg/096bae8cd9.jpg,0.08350186049938202,0.16700372099876404,0.3151635229587555
B,data/photo_jpg/096da37ff7.jpg,0.0612897053360939,0.1225794106721878,0.269773930311203
B,data/photo_jpg/096f009762.jpg,0.08676733076572418,0.17353466153144836,0.33598142862319946
B,data/photo_jpg/09748274a3.jpg,0.05817332863807678,0.11634665727615356,0.2858901023864746
B,data/photo_jpg/09756af6f7.jpg,0.04683303087949753,0.09366606175899506,0.30063071846961975
B,data/photo_jpg/097b3ce81a.jpg,0.0653986781835556,0.1307973712682724,0.26627492904663086
B,data/photo_jpg/097d38ef3b.jpg,0.052081868052482605,0.10416373610496521,0.2820400595664978
B,data/photo_jpg/09816286d3.jpg,0.08797135204076767,0.17594270408153534,0.4601719379425049
B,data/photo_jpg/0984136f36.jpg,0.08825896680355072,0.17651793360710144,0.42679059505462646
B,data/photo_jpg/098b35d919.jpg,0.04497890919446945,0.0899578183889389,0.33426111936569214
B,data/photo_jpg/098c0ce670.jpg,0.10274594277143478,0.20549188554286957,0.31964534521102905
B,data/photo_jpg/098fde2b22.jpg,0.08508359640836716,0.17016717791557312,0.3441057801246643
B,data/photo_jpg/099159901a.jpg,0.05122355371713638,0.10244710743427277,0.49918994307518005
B,data/photo_jpg/099395535c.jpg,0.05592462420463562,0.11184924840927124,0.24493345618247986
B,data/photo_jpg/09986b5a14.jpg,0.08822983503341675,0.1764596700668335,0.32346048951148987
B,data/photo_jpg/09a43d2264.jpg,0.04084423929452896,0.08168847858905792,0.31667813658714294
B,data/photo_jpg/09bebf108f.jpg,0.08008511364459991,0.16017022728919983,0.34524667263031006
B,data/photo_jpg/09c874df81.jpg,0.06055089458823204,0.12110178172588348,0.41823610663414
B,data/photo_jpg/09d34f7412.jpg,0.059535495936870575,0.11907099187374115,0.30529606342315674
B,data/photo_jpg/09ddb5e4c9.jpg,0.06954415887594223,0.13908831775188446,0.46535927057266235
B,data/photo_jpg/09e084658a.jpg,0.05083657428622246,0.10167314857244492,0.22486740350723267
B,data/photo_jpg/09e1b696b4.jpg,0.047784291207790375,0.09556858241558075,0.160310298204422
B,data/photo_jpg/09e2982b82.jpg,0.07015028595924377,0.14030057191848755,0.3506941795349121
B,data/photo_jpg/09e8393bd1.jpg,0.09816551208496094,0.19633102416992188,0.27334317564964294
B,data/photo_jpg/09ec565e3a.jpg,0.07308195531368256,0.1461639106273651,0.43358516693115234
B,data/photo_jpg/09f57ab8c5.jpg,0.05535445734858513,0.11070891469717026,0.21197018027305603
B,data/photo_jpg/09fc404e31.jpg,0.11899173259735107,0.23798346519470215,0.3933049738407135
B,data/photo_jpg/09fcd10b7e.jpg,0.07392584532499313,0.14785169064998627,0.29282715916633606
B,data/photo_jpg/0a0c3a6d07.jpg,0.04452674835920334,0.08905349671840668,0.27361631393432617
B,data/photo_jpg/0a0d3e6ea7.jpg,0.045370884239673615,0.09074176847934723,0.26624831557273865
B,data/photo_jpg/0a1d1b9f8e.jpg,0.046247225254774094,0.09249445050954819,0.2181127518415451
B,data/photo_jpg/0a271892d0.jpg,0.05527244508266449,0.11054489016532898,0.18168620765209198
B,data/photo_jpg/0a284dbed0.jpg,0.05832438915967941,0.11664877831935883,0.2424948811531067
B,data/photo_jpg/0a2e5f728d.jpg,0.037032485008239746,0.07406497746706009,0.45018643140792847
B,data/photo_jpg/0a325fc655.jpg,0.07581359148025513,0.15162718296051025,0.24806170165538788
B,data/photo_jpg/0a44c8287d.jpg,0.04409889876842499,0.08819779753684998,0.43049588799476624
B,data/photo_jpg/0a49020ae5.jpg,0.05162349343299866,0.10324698686599731,0.24260741472244263
B,data/photo_jpg/0a497f768d.jpg,0.06985031813383102,0.13970062136650085,0.25966936349868774
B,data/photo_jpg/0a6091114d.jpg,0.03867121413350105,0.07734242081642151,0.37644290924072266
B,data/photo_jpg/0a6279ef66.jpg,0.05256010219454765,0.1051202043890953,0.3488515019416809
B,data/photo_jpg/0a6e92d928.jpg,0.05427348613739014,0.10854697227478027,0.22543202340602875
