model,slice,n,macro_f1,error_rate
baseline_cnn,short_0_64,17706,0.9530990896612248,0.045916638427651646
baseline_cnn,medium_65_128,11142,0.9516585957822371,0.048285765571710645
baseline_cnn,long_129_plus,9152,0.940339178627914,0.057145979020979024
experimental_bilstm_attention,short_0_64,17706,0.9517689378919693,0.047328589178809444
experimental_bilstm_attention,medium_65_128,11142,0.9538691415489844,0.04604200323101777
experimental_bilstm_attention,long_129_plus,9152,0.9442112487808403,0.053103146853146856
experimental_bigru_pool,short_0_64,17706,0.9456534234831019,0.0532587823336722
experimental_bigru_pool,medium_65_128,11142,0.9475082562270805,0.05241428827858553
experimental_bigru_pool,long_129_plus,9152,0.9395285125728229,0.057692307692307696
