epoch,train_loss,val_loss,val_perplexity,bits_per_character,generalization_gap,val_top1_accuracy,avg_gradient_norm,learning_rate,training_tokens_per_sec,epoch_train_seconds,validation_seconds,peak_gpu_memory_gb
1,1.4189554768770258,0.8543614309808213,2.349873345051374,1.2325829996028292,-0.5645940458962045,0.7314216083068874,0.987769706132553,0.00029541222954235094,907807.6403875696,98.83017063140869,3.3670716285705566,3.5694708824157715
2,0.8400360620352715,0.742050797218394,2.1002382637424866,1.0705530052346788,-0.09798526481687753,0.7655094106484261,0.5101309651066737,0.0002778149324881664,908246.4351910667,98.78242349624634,3.345557451248169,3.5694708824157715
3,0.7627207025983544,0.69897560588893,2.011690887294319,1.008408640318318,-0.06374509670942441,0.7786699563284444,0.3998678389629193,0.00024876341662232913,909330.0259921016,98.66471076011658,3.3183939456939697,3.5694708824157715
4,0.7280733497844638,0.6765584650271296,1.9670962390492066,0.9760675423660891,-0.051514884757334234,0.7852551989521686,0.3595086260160623,0.000211207312921859,909478.3605085564,98.64861869812012,3.345731258392334,3.5694708824157715
5,0.7069531437730685,0.6604523527587118,1.9356677410334078,0.9528313340684419,-0.04650079101435667,0.7902295615690311,0.3430140970112896,0.00016895973211607753,907993.9272721118,98.809894323349,3.3191545009613037,3.5694708824157715
6,0.6919453904261286,0.6492606358210219,1.9141250701867294,0.9366850995434036,-0.04268475460510668,0.793537427273637,0.33747806504009586,0.0001263101155416903,909720.6853078445,98.62234139442444,3.3632194995880127,3.5694708824157715
7,0.6809012459916212,0.6410495684892396,1.8984724108178541,0.9248390334234359,-0.03985167750238161,0.7960475589315836,0.33752196011663443,8.758872365005533e-05,910966.5835801694,98.48745894432068,3.328139066696167,3.5694708824157715
8,0.6726798827278954,0.6344679335645764,1.8860183873699763,0.9153437413566827,-0.03821194916331894,0.7980035317851731,0.34111916374515844,5.672698010678587e-05,906491.8025145702,98.97362971305847,3.3253302574157715,3.5694708824157715
9,0.6669392743582617,0.6312332451437263,1.879927561803105,0.9106770724131013,-0.03570602921453547,0.7991031383123195,0.3449140971620384,3.685831020990971e-05,910594.920275524,98.52765703201294,3.329867362976074,3.5694708824157715
10,0.6633967440697814,0.6284904832151779,1.8747784327037562,0.9067201033804454,-0.03490626085460358,0.7998203506947422,0.3487684931674084,3.0000000922029872e-05,913560.7084976825,98.20779633522034,3.3815078735351562,3.5694708824157715
