sample_id,direction,source_filename,generated_filename,rater1_style,rater1_content,rater1_artifacts,rater2_style,rater2_content,rater2_artifacts
A2B_01,A2B,011835cfbf.jpg,011835cfbf.jpg,4,5,4,4,4,4
A2B_02,A2B,2f90c99e10.jpg,2f90c99e10.jpg,4,4,4,5,4,4
A2B_03,A2B,68d60af226.jpg,68d60af226.jpg,5,4,4,4,4,3
A2B_04,A2B,69f4b75a37.jpg,69f4b75a37.jpg,4,5,5,4,5,5
A2B_05,A2B,9d9a4fccfb.jpg,9d9a4fccfb.jpg,3,4,4,3,4,3
A2B_06,A2B,a4e4a61fb2.jpg,a4e4a61fb2.jpg,4,4,3,4,5,4
A2B_07,A2B,a7977705be.jpg,a7977705be.jpg,5,5,4,5,4,4
A2B_08,A2B,a885da7b52.jpg,a885da7b52.jpg,4,4,5,4,4,5
A2B_09,A2B,b3adc75e7d.jpg,b3adc75e7d.jpg,3,4,3,3,3,3
A2B_10,A2B,ba52f976af.jpg,ba52f976af.jpg,4,5,4,4,5,4
A2B_11,A2B,cd6623d07d.jpg,cd6623d07d.jpg,4,4,4,5,4,4
A2B_12,A2B,d239dae42d.jpg,d239dae42d.jpg,5,4,5,4,4,5
A2B_13,A2B,f04c9d8e34.jpg,f04c9d8e34.jpg,4,5,4,4,5,3
A2B_14,A2B,f0d789c4bc.jpg,f0d789c4bc.jpg,3,4,4,3,4,4
A2B_15,A2B,f7836c88eb.jpg,f7836c88eb.jpg,4,4,3,4,3,3
B2A_01,B2A,21b6fd99a5.jpg,21b6fd99a5.jpg,4,4,4,4,5,4
B2A_02,B2A,3891ee053e.jpg,3891ee053e.jpg,5,5,4,5,4,4
B2A_03,B2A,3f2a4b6406.jpg,3f2a4b6406.jpg,4,4,5,4,4,5
B2A_04,B2A,428516308c.jpg,428516308c.jpg,3,4,3,3,4,3
B2A_05,B2A,468048412c.jpg,468048412c.jpg,4,5,4,4,4,4
B2A_06,B2A,5b1ce21999.jpg,5b1ce21999.jpg,4,4,4,5,4,4
B2A_07,B2A,66af3aa4b1.jpg,66af3aa4b1.jpg,5,4,4,4,5,3
B2A_08,B2A,77419070a6.jpg,77419070a6.jpg,4,5,5,4,5,5
B2A_09,B2A,80504a22b9.jpg,80504a22b9.jpg,3,3,4,3,4,4
B2A_10,B2A,a157f8c6e2.jpg,a157f8c6e2.jpg,4,4,3,4,4,3
B2A_11,B2A,af4456d9ce.jpg,af4456d9ce.jpg,5,5,4,5,5,4
B2A_12,B2A,c4db21f52d.jpg,c4db21f52d.jpg,4,4,5,4,4,4
B2A_13,B2A,d95ef93115.jpg,d95ef93115.jpg,3,4,4,3,4,4
B2A_14,B2A,e41de69603.jpg,e41de69603.jpg,4,5,4,5,4,4
B2A_15,B2A,e6a325d8fb.jpg,e6a325d8fb.jpg,4,4,3,4,4,3
