review_category,index,label,prediction,prob_positive,processed_length,text,error_type,observation,testable_fix
confident_false_positive,29330,0,1,0.999938,17,"Wow love the place and everything is very clean and new!\n\nGreat place to come and relax worth a try!\n\nCheers,\n\nEric Van Nguyen\nVisited April 2012",noisy label,"The review text is overwhelmingly positive, but the ground truth label is negative, confusing the model.",Implement cross-validation confident learning to identify and prune mislabeled training instances.
confident_false_positive,408,0,1,0.99987817,53,"Though I'm a Copper enthusiast when it comes to getting my Indian fix in Charlotte, I'd heard that Maharani was a cheaper but tasty option, so we ordered from there a few nights ago. \n\nCopper is definitely still my place, but Maharani was fine enough. First of all, the food came very quickly, which is rare. Usually indian food, good indian good, takes at least 30-45 minutes. We got our order in like 30, which was great 'cause we were starving. \n\nThe Tikka Masala was spicy and pretty good, but it wasn't as thick and saucy as i like. The salad was just so-so. The Naan were all amazing. Definitely the highlight.",mixed sentiment,"The review is lukewarm but contains strong positive keywords (""amazing"", ""great""), causing a false positive.",Train with aspect-based sentiment features to better weigh mild negatives against positive keywords.
confident_false_positive,501,0,1,0.99977654,41,"Laser quest is a fun experience for kids of all ages, but the adults that play at this establishment, honestly kind of creep me out.  The best time to bring your children here is during the middle of the week, because there is always an abundance of birthday parties on the weekend, and it can take hours before you are able to participate.  Each game is about fifteen minutes long and the setup is fairly large, with many areas to run around and attack friends.  Bring your childhood self here for a good clean time!",conflicting context,"Positive framing of the game itself is overridden by a specific severe negative (""adults creep me out""), which the model missed.",Use self-attention to capture the semantic weight of strong negative social cues over general descriptions.
confident_false_positive,8426,0,1,0.9996648,213,"Saturday / Sunday AYCE brunch\n\nIn true las vegas fashion, you get a flat rate to eat your heart out. \n\nFor Strip food, main menu items seem reasonably priced and the brunch is cheap at $29.99. There are a few different flavors to choose from for the All-You-Can-Drink Bottomless mimosas. They're $5 per person; but on multiple occasions, the $5 was comped for me and my dining partner. Maybe its a local discount? \n\nAt the beginning, you're served a plate of sliced fruit w/ a mango sauce and a plate of guava empanadas. Those empanadas are probably the best part of the menu! Not too sweet with the perfect crust and just a hint of cream cheese in the filling. After that I was a little under-enthused. The savory dishes start to taste the same after a while and the desserts are much too sweet. Their gimmick item is the Bacon Jalape\u00f1o PBJ. Peanut butter, jelly, egg, bacon, and a couple slices of mild jalapeno on a biscuit. Worth a try. It is AYCE after all. \n\nYou would think a Top Chef Masters restaurant would be more impressive. And given that they've won Best Brunch awards from Seven, LVRJ, & LVW, I expected this place to knock my socks off! While I can't judge the main menu food, I can say the past two times I've done the brunch the food has been less than piping hot. I'm very particular about my food being served in a timely manner; not necessarily because I'm worried about F&B sanitation standards but rather I just enjoy eating scalding hot food. Most of the dishes are served with refried beans and some form of egg (poached, fried, or scrambled). When a restaurant uses so much of these filler ingredients, they have to keep in mind that one of the most common signs of a kitchen-to-table delay is congealed beans and cold yolks.\n \nDespite the food being a little blah, the service is top-notch. Everyone is really friendly and my champagne flute was always filled to the brim. Border Grill is an impressive dining facility. It's huge and able to suit anyone's seating preferences. There's your usual indoor dining, the indoor atrium, and outdoor on the patio. On the patio, you can people-watch the fancy Mandalay pool. But you'll have to deal with insects, the weather, and the sights of all those people who shouldn't be wearing speedos. My area of choice is the atrium. The high-ceilings and natural light make your dining experience that much more pleasurable.",aspect sentiment imbalance,The reviewer praises the service but criticizes the core product (food); the model over-indexed on positive service keywords.,Apply aspect-based sentiment analysis (ABSA) to decouple food sentiment from service sentiment.
confident_false_positive,18794,0,1,0.99959797,26,"You can do yourself a huge favor and have all required documents in order before you arrive. You will find that this will speed up your time here. Also, call them and ask questions before you drive here. For some things you may not need to actually go to the DMV and can do it through the mail. If you must come here, I recommend coming early. Almost never on a Friday though!! Super crazy on Friday's!!",neutral phrasing interpreted as positive,"The review offers neutral practical advice (""do yourself a huge favor"") without praising the business.","Expand the training data with neutral, advice-based reviews to separate subjective praise from objective tips."
confident_false_negative,30793,1,0,3.8406117e-05,37,"This place is so much better since they changed owners.\n\nMy wife and I went when it was the old owners, it was terrible.  We waited forever and the food never came before we walked out.  People were served before us that walked in after and my wife actually got her soup before me and I sat and waited while they \""""made more\"""".\n\nIt was horrible.\n\nNow its much better.  The staff are very friendly, they treat their customers very well and I have nothing but positive things to now say about this place.  Its much better with the new owners.",temporal sentiment shift,The review heavily describes a past negative experience before clarifying the current experience is positive.,Test sentence-level recency-aware pooling that gives greater weight to explicit update/current-experience statements.
confident_false_negative,22807,1,0,4.0282484e-05,47,"EDIT: They really did change the service up since I last posted this.\n\nHorrible service.\n\nUsed to be my favorite pizza in the city (at a reasonable price), but I'm rethinking that. We just had an altercation with a server who refused to split a check when we were paying with cash. He then proceeded to disrespect the party at the table, telling us to 'not give him attitude about it.'\n\nSorry Bella Notte, but we're not children. I don't care if you're working hard - it doesn't give you any excuse to disrespect your paying customers like that.",update/revision ambiguity,"The text explicitly describes an altercation and calls the service ""horrible,"" yet the ground-truth label is positive.",Detect EDIT/UPDATE markers and separately encode revised and original portions before classification.
confident_false_negative,20061,1,0,5.2036758e-05,256,"Ever wonder what to do if you have lots of extra garbage or recyclables and either can't fit them all in your bins or missed bulk trash pickup day? Alternatively, are you looking for something just a little bit different to do on a lazy summer day? \n\nOk, ok, all kidding aside - you may find yourselves (as we did yesterday) with more broken-down boxes and odd-shaped trash (old floor lamps, etc.) than can fit in your bins. This waste facility allows Phoenix residents to dump bulk trash and recyclables for free once a month. \n\nTo get to the facility, drive down to 27th Avenue and Buckeye (aka \""""No Man's Land\""""). When you drive up, you will likely see a long line of commercial vehicles waiting to do their daily or weekly dump. You can bypass this line and go to the R (the sign says something like \""""Visitors\""""). When I say \""""you can,\"""" what I mean is that we did without being stopped, so you should be able to as well. According to the city website, we were supposed to have to show a driver's license and recent water bill to be let in, but no one stopped us or asked for proof of anything. \n\nWe drove around and around the facility, following signs that directed us to the visitors' drop-off area, until finally we arrived at a massive pile of garbage. Literally. There were tons of guys in pick-up trucks dumping yard clippings, as well as a few ordinary people, like us, who just wanted their garage to be less cluttered. Warning to the wise - the place stinks (it's filled with garbage, after all) and the ground is wet and a bit slippery. We wore flip-flops (how dumb were we?). If you go, you might want to wear a long-sleeved shirt and some old, crappy tennis shoes you don't give a crap about. \n\nAfter dumping our trash, we looked around for the recycling drop-off. Some random employee sitting out under an umbrella told us that the bins were full and that we should just dump our massive pile of cardboard boxes into the trash pile (real ringing endorsement for city-sponsored recycling, huh?). I told him that we didn't want to just trash all that recyclable material, so he suggested going over by the employee trailers and dumping it in their recycling bin. So we did. \n\nI have to admit that after coming all the way to a city facility dedicated to proper recycling, we felt a bit odd dumping all these boxes in a tiny bin that wasn't much bigger than our bin at home. We felt as if we had gone to a public swimming pool and found it to be the same size as our inflatable one. We also wondered if the boxes would even get recycled. Fortunately, a guy in a city truck showed up towards the end of our unloading, gave us the thumbs up, and waited for us to be done so he could unload the bin and take the materials to wherever recyclables go to die and be reborn as new, environmentally-friendly objects. \n\nOur trip to this facility was an adventure, that's for sure. In addition to (or in spite of?) the educational benefits of seeing the inner workings of the city's solid waste operations and the entertainment value of all of those unfamiliar sights, sounds, and smells, we got to rid ourselves of the massive piles of trash and boxes left over from our move and early home improvement projects in one fell swoop. Can't beat that!",domain-specific vocabulary,"The text contains inherently negative words (""garbage"", ""stinks"") that are literal descriptions of a waste facility.","Test context-aware sentence pooling learned from scratch so words such as ""garbage"" and ""stinks"" are interpreted within the waste-facility context."
confident_false_negative,9871,1,0,0.00012193298,129,"After a major screw up by me, booking the room for the 22nd and driving up to Vegas on the 21st, it was not until I hit state line when The Jennifer mentioned today is the \""""21st\"""" until it dawned on me that we have no room and no place to stay unless I want to us to shack up with my buddy and his new found girlfriend. Not likely...I called the front desk and explained to them what had happened and they said they can't switch my date. I used my salesman skills and talked my way into the switch with terms like : I know you can really use my business, look at my account, look at my points, I have always had a great experience here, etc, etc, and walla! I got us the room but had to pay the difference; fair enough. When we checked in, we even got a corner room with dual windows!! \nOnly problem during our trip was when housekeeping took the floor mat in the bathroom, leaving the bathroom with no floor mat so when you come out of the shower; water is everywhere. So we called housekeeping and they did manage to bring one up - half hour later. It was a small issue, the room was clean and nice. It rained so we can't use the pool since they closed it because of thunderstorm. TI is always a good value and is close to everything. \nTIPS: \nIf you stay at the Hotel, you get VIP standing for the Sirens show if you want to see some of the hot chics in Fish Nets bellow out some cheesy pirate lyrics. \nAlso, the Video Black Jack and Video Roulette does not give points on the gaming card...WTF is up with that??",self-deprecation,The review starts with a long negative story about the user's own mistake before praising the hotel.,Test target-aware or sentence-level attention learned from scratch to distinguish complaints about the reviewer’s own mistake from sentiment toward the hotel.
confident_false_negative,26172,1,0,0.00013630069,77,"I had to eat here at least once, and would eat here more often if it were in a more convenient location for me.  Have you ever wanted to try real ramen?  News flash -- the 99 cent packages of \""""ramen\"""" at the grocery store is just about one of the worst things you can stick into you body and can hardly be called food at all.  If you feel insulted by this sentence, then I would not recommend Republic Ramen + Noodles, but if you were intrigued by my question, look up the address immediately.  Besides, and I haven't done extensive research on this, but I believe that instant ramen in Japan comes with the broth, which leads me to believe that they don't even have what we call \""""ramen\"""" in Japan.  For those who are neither insulted nor intrigued, just keep in mind that you are ordering soup for your meal.  If that won't fill you up, consider an appetizer.  There are a variety of styles and ingredients that you must select from.  Naturally, I ordered naruto with my ramen.  The reason for this will be left unpublished.  All that is missing is counter side dining with privacy drapes.",contrastive sarcasm,The user praises the restaurant by aggressively attacking instant ramen; the model failed to grasp the rhetoric.,Train on a dataset rich in sarcastic or contrastive structures to capture complex sentence-level pragmatics.
near_threshold_error,20109,0,1,0.5000043,22,"Food was good but, not great. Location is very cool, in the town center. (think Big White columned building with southern looking square)\n\nNo lunch specials-you paid dinner prices.",balanced mixed sentiment,"The review contains an almost equal mix of mild positives and negatives, pushing the probability right to 0.5.",Test sentence-level attention or calibrated decision thresholds on mixed-sentiment reviews while retaining binary classification.
near_threshold_error,36081,0,1,0.5001323,58,"Summary: great location, great micro brew, really good appetizers. So why the 2 stars? Horrible service. \n\nAdvice: if you are waiting for a show, this is not the place to go if you want to watch the beginning of your movie. \n\nI will check back in a month or two. We showed up to have a couple beers and an appetizer before going to the show a couple doors down. Turns out that they opened their doors earlier in the week. We let our waiter know that we were watching the clock for the show bit it didn't help. We had to rush to get out and was still a couple minutes late. \n\nSince they were open for less then a week I am more then willing to give them another chance. They have 5-6 microbrews and give a solid score on all. Their appetizers, amazing. Try the pretzels.",explicit rating override,"The user explicitly states ""why the 2 stars"" and balances praise with severe criticism of service.","Add a feature extraction step that specifically looks for explicit text-based ratings (e.g., ""2 stars"") to weight the prediction."
near_threshold_error,3993,1,0,0.4991491,10,"The place is open 24/7, is pretty quick with orders, is priced very competitively. I have yet to find a better place for tortas!",complex negation,"The phrase ""yet to find a better place"" is a strong positive, but the model likely parsed ""yet to find"" negatively.",Augment the training data with examples of complex negations and idioms to improve syntactic comprehension.
near_threshold_error,861,1,0,0.4990054,218,"Summer time is supposed to be \""""healthy time\"""", so I am trying to watch what I eat. Now, I will always be a big guy (not \""""two fat twins on their matching motorcycles\"""" big, but you know, not little) but I definitely am eating more appropriately. However, I work in an office, and around 11:30, people start to double-think their lunch choices. Yes, the night before, a breakfast bowl from Jimmy Dean sounds like an excellent lunch selection, but all that pushing of buttons and watching your meal spin in the microwave? Forget it; one \""""What are you doing for lunch\"""" from a buddy and I was out of there.\n\nAthenian was a prime lunch spot for me for awhile, and just fell out of favor. No time like the present to return, plus SB had never been there before today. We took the 2 minute drive to Central and rolled in to a 1/3 filled Athenian Express. Happy to have missed the rush, I immediately ordered my favorite dish, the gyro feta (no tomatoes/onions, add lettuce) with fries, and SB got a chicken sub and potato salad.\n\nFirst issue, no fountain soda? If I can't destroy myself with aspartame in my free refills, it's not a great lunch. Plus, I don't like drinking out of cans unless its a more adult beverage. Fix yo machine, Athenian!\n\nOutside of the $1.50 soda, the meal was as good as always. It was a bit lighter on the feta than usual (and LOVE me some feta goodness), but still had quite a pile. The meat was thick and cooked through, definitely filled up the pita to an overflowing Greek party. The french fries weren't overcooked, which is good because burned fries suck fully. Add in a side of tzatziki sauce to poor over everything, and times were well spent. It's a ton of food for what you pay, and one of the best deals downtown.\n\nMy coworker didn't fair quite as well, but it was more his preferences than issues with the meal. His chicken sub came with a huge breast, which I would think is a good thing, but for him caused the sandwich to be overstuffed (like I said, weird preferences). He demolished the entire thing, so it must have not been too bad, along with the potato salad, which he was a fan of as well.\n\nAll in all, very good lunch experience. I usually get take-out, but the Greek team had their World Cup game, so it seemed appropriate to hang out and watch the \""""exciting\"""" 0-0 match-up. If we can get some fountain sodas up in there, Athenian will likely jump back on my radar (and I may even get a salad.....maybe).",verbose narrative dilution,"The core positive sentiment is diluted by long tangents about diets and minor complaints, dragging the probability down.",Implement an extractive summarization attention layer to focus the classifier on concluding sentences.
near_threshold_error,13662,0,1,0.50102836,70,"The Bistro Buffet at the Palms is not among my top ten favorite buffets in Las Vegas, as the food can be tepid to cold, the meats selection can be dry, and the specialty coffee is served from an automated machine that is far less superior than my tiny Dolce Gusto machine at home.\n\nBut they do get top marks for their Lebanese section, and picking from its vast selection is almost worth the money if you like stuffed grape leaves, spinach pies, Lebanese chicken, lamb gyro, and some of the best falafel this side of the strip. They also make mean pistachio rice pudding that others have raved about as well.\n\nConsidering a single plate of these ethnic dishes might cost around $8 in a decent food court, their $12 lunch is a good deal if you want something a bit beyond fast food. Other than that, I would give it a pass.",conditional recommendation,"The review recommends one specific food section but concludes with a general rejection (""give it a pass"").",Add positional weighting to the final sentences of long reviews to capture overarching conclusions.
slice_specific_failure,9477,1,0,0.00017982711,256,"Before getting started, I'd like to point out that I am currently sitting in the Palms Casino, while watching my degenerate, gambleholic, asshole-of-a-friend Pete grab his ankles, as the craps table continues to sodomize his life savings. The Palms Casino may as well be a priest, and with each roll of the dice, my man Pete is looking more and more like an alter boy. An alter boy with an ugly hat. As I look at this hat, I noticed a consistent theme. This hat of his will soon be joined by his pockets, as they both prevent the world from seeing what lies beneath -- nothing. What was once there, is now missing, and it isn't pretty. Nor was it smart. With just seven strands of hair, Pete has a face incapable of pulling off the 7-Strand comb-over. So money, combined with the freedom offered in Vegas to dive head-first into a hooker, was Pete's only hope to hump. Don't get me wrong, P never planned on returning to Phoenix with any money, which was fine, because that meant he wasn't bringing back his virginity either. Well, unless you count being molested by this casino. \n\nLet me start over. When I began writing this review, I was writing it for the Palms Place resort. I was only using my 6am-and-still-in-the-casino story to explain my exhaustion, and use it as a warning before transitioning into my review of our actual suite. However, as I continued to ramble, I realized that this has enough gems to be a review of its own. So let's jump back in. \n\nWith dick and pockets both dry, P refused to walk away from the action. But unlike his hair, my boredom started to grow, and soon left me balls deep in a conversation with some random Israeli gentleman who started our conversation by asking me if I gamble. It must have been the way I said, \""""Nope, never. Not at all,\"""" that convinced him I was interested in spending the next 30-minutes listening to him break down his formula for an 80% winning-percentage in roulette. \n\nLike all roulette conversations, this one also was followed up by literally dozens of questions on everything from Foreign Policy to soccer. I was pumped. Luckily, I was saved by irony. About midway through my optimistic response to the problem with America's public education system, I was interrupted by quite possibly the drunkest bitch I have ever seen. Clearly lacking intelligence, and a functioning metabolism, I couldn't deny her originality. Instead of some corny and cliche pickup line, this barefoot bitch thought outside of the box, and just spilled her drink on me. Luckily, it was about 7am, so of course she was double-fisting, enabling my shirt to get shit-faced. Before she could say a word, I stood, shook my man's hand, and announced that I had to go because I think my shirt had too much to drink and it needed to sober up. I think I confused her. Which made sense, because I don't even think she knew that she was carrying two drinks, let alone spilling them. I like to think that she stuck around and finished answering my new Israeli friend's question on education, which eventually led to her sitting on his trapper keeper (if you know what I'm saying), but who knows. Love is blind. As for me, I walked about twenty yards back to the table, just in time to see my buddy P go broke. It was perfect.",excessive profanity,"The review is saturated with profanity and gambling losses, which the model strongly correlates with negative sentiment.","Use domain adaptation for Vegas/Nightlife reviews where profanity is often used in a positive, entertaining context."
slice_specific_failure,30958,1,0,0.00021179607,181,"Look, we all know Cox sucks. In fact they are a terrible business and their practices are laughable. However they are a necessary evil if you want Internet that isn't garbage that can handle streaming/gaming. The way they handle issues over the phone is worse than Comcast, and for all my east coast brothers/sisters you know what a serious accusation that is. It all started with shitty TV Service. My household went through 4 dvr boxes. 4. That all broke. All of them. 100's of hours of TV. Lost. Every. Single. Time. Their solution? Downgrade from contour. That's their genius solution. So my solution? Upgrade to Dish for TV. PROBLEM SOLVED. However they charged us $200 to disconnect claiming we were on a contract. Nope, disputed that. However to dispute it you have to literally mail a letter to corporate. In the mean time, they cut off my Internet service for pay bills AND THEN DOUBLE CHARGED ME FOR THE INTERNET. WHAT? EXCUSE ME? How does that even make sense? So, an angry phone call and 2 hours on hold, I get the Internet back on because I work from home and to refund the double charged service they have to send a check, via the mail, to a local store. Okay, cool. A week later, let's drive from San tan valley to Gilbert. Once we arrive , turns out the check wasn't mailed. In fact the person helping us via the phone wrote that checks can't be sent to the store, and put a future apology in the notes to us. Thanks Cox cock. So, if you made it this far, why do I give this store 5 stars? The Manager, Mario. That's why. The savior of my people. Stepped in. Saw the crap we went through and listened to my tale. With about 5 minutes of effort , he credited our account for $300. $200 for the bs fee , $50 for the double charge and another $50 just because he was sorry. That's customer service. That's being a great human. He's the man, and my opinion of Cox has changed. ALWAYS GO TO A COX STORE. ALWAYS! They know their stuff and actually care. They are not the call center idiots. They are true experts and will always get the job done. Thank you Mario at the Gilbert Cox Store. Thank you so much",brand vs. local sentiment,The user spends 80% of the review ranting against the corporate brand but highly praises the local manager.,Use entity-level sentiment analysis to separate sentiment directed at corporate vs. the specific location.
slice_specific_failure,29494,1,0,0.00041141466,141,"UPDATED. \n\nMy initial very frustrated and dramatic review read as follows:\n\nBililng practices are at best negligent and at worst fraudulent.  \n\nI started going to the studio per a groupon.  I enjoyed the experience so much that I purchased a discounted 20 pack of classes.  When I purchased the classes, my credit card was charged.  However, the purchase didn't show up in my online account so I couldn't schedule classes.  I called The Studio and they told me that they'd credited the classes to another student but they did remedy the situation. \n\nFast forward about 6 months and I am reviewing my credit card statement.  Lo and behold a mysterious charge from the Studio shows up for $130.  I have not even been back there in months and certainly have not authorized any transactions to this business.  I am now disputing the charge via my credit card. \n\nThe yoga is great but all these terrible billing practices make it not worth your time in the long run.\n\nUpdates:\n\nAfter reading this, the studio owner went out of her way to contact me to try and correct the error.  She contacted me several times over a month and offered to resolve the issue in minutes if I called her.  I couldn't manage to find time to call her, but she refused to give up and tracked down my information and resolved the situation in a way that goes above and beyond what can be expected from a business owner.  I can certainly say that although I was frustrated by the two billing mixups, this business went out of its way to accomodate and help me, even when I couldn't go out of my way to try and correct the error.  I am thus updating my review to 4 stars- not quite 5 due to the initial errors- but they certainly get 5 for the way they managed this.  \n\nAlso, as previously mentioned, the yoga is great.",updated review format,The text contains an old angry review appended with a new positive update. The model counted the old negative words.,"Add a preprocessing step that detects ""UPDATED"" markers and gives significantly higher weight to the new text."
slice_specific_failure,5752,0,1,0.9991978,207,"NOTE:  This was a 4-star review, but the food quality and ESPECIALLY customer service have gone down the tubes.  See update below.\nComplaining I can't find a good meatball sub in Phoenix, I was referred to Santisi Brothers.  I was told that the meatballs are still made by the brothers' mother, so I was intrigued. \nSantisi Brothers did not disappoint.  That sub was so freaking good!!!  I got the 1/2 sandwich, which included two meatballs smothered under mozzarella and marinara on a toasted baguette-type roll.  Amazing.  The bread was soft inside with just the right crust, the meatballs were sizable (that's what she said!), and they did not scrimp on the mozzarella.  Since this is their only location in the valley, we will be sure to be back.  (It's right off I-17, close to the 101, so that's not hard.)\nIf you like sports, go!  This place has each wall covered in TVs - huge to 13\"""", they don't spare a bit of viewing area.  The only reason I gave 4 stars instead of 5 is because the seating leaves a bit to be desired.  We sat at a hightop table with stools.  Next are a row of tables with nicer chairs (with backs), and the row closest to the TVs - who wants to sit there?  Music - we could hear each other, but agreed a table of four might have to shout.  Our server, Ariel, was very enjoyable, nice, and attentive.\nBig beer and bar selection.  Husband's Kiltlifter was in a huge beer mug and he was happy to see a few IPAs.  I had a John Daly that was verrry tasty.  It's one of those sneaky super-yummy drinks...  Sweet iced tea, lemonade, and vodka - I'll be stealing that recipe this summer!\nHusband had the turkey club, which was large enough to be funny to watch him eat, but he said it was unremarkable.  Side of fries were also really, really good.  Perfect amount of potato, crispiness, and salt.  We also had garlic knots, which are served with marinara and pretty tasty, but left me wishing there was a little ball of mozzarella in the middle.  House salads were... house salads.  Nothing special there.\nTo review: great for sports (I'm sure they can spare a TV for your game), may want to go early for good seats, good bar, and some great food.  EAT/DRINK:  Meatball sub, french fries, and a John Daly.  All wonderful.\nPS - Kitchen is open till 11pm Sun-Thu, midnight Fri-Sat.",updated review format (reversed),The reviewer appended a brief negative update at the top but left the massive glowing original review intact below it.,Implement a decay function that prioritizes the first few lines of text if explicit rating revisions are detected.
slice_specific_failure,21813,1,0,0.001148605,227,"Our flight arrived to Vegas earlier than excepted, so we expected our room not to be ready. When we arrived at the hotel on May 19th, the front desk girl offered us a room that was ready on the 28th floor that wasn't facing the Bellagio fountain. I booked a corner view suite had requested a room on a high floor with a Bellagio fountain view when I first made the reservation. There are 56 floors at the hotel. She then said there was a room on the 30th floor with a view of the Bellagio fountain, but it wasn't ready. She continued to look for rooms, which she then said that there was a room on the 50th room with a Bellagio fountain view, but it wasn't ready yet either. We agreed to wait for that room to be cleaned, which she said it would be couple of hours before it would be ready. We waited a couple of hours by walking around the area before calling to check to see if the room was ready yet. I was transferred to housekeeping, who said it wasn't ready yet and they would call me back when it was. After eating and walking around some more for a couple more hours without hearing back from anyone, we decided to go back to the hotel and was told that the room was ready. It would of been nice if they had called me as they told me they would\n\nUpon inspecting the room, we found a dirty fork and knife in the dishwasher, as well as trash in a trash can underneath the kitchen sink. When housekeeping called to see if the utensils were delivered, which I requested upon check-in and had been delivered, I told them about the trash and dirty utensils. They said they would send someone up to take care of it. No one ever showed up, so the trash and dirty utensils were left until the next day when housekeeping came to clean the room. The room did have a great view of the fountain, strip, and mountains!!!\n\nOn the evening of Thursday May 20th, I called concierge to attempt to change reservation time for dinner at Jean Georges Steakhouse at Aria. I held on the phone for 30 mins waiting for someone to answer, but no one ever did, so I hung up and decided to call the restaurant directly myself. \n\nThe hotel is a nice hotel, which unlike some other reviewers, I feel that it IS within a short walk to the Bellagio, Aria, The Cosmopolitan, and the strip. I would suggest going to the 24hr CVS, which is a short walk and is located a block south of CityCenter on the strip to grab snacks and drinks, since the market inside the hotel has limited choices and closes at a certain time.\n\nThe Clark County fire station is located adjacent to the property. They tend to stay busy, which on one of the late nights/early morning hours, they seemed to respond to several calls in a span of 4 to 5 hours. The windows are not sound proof, so you will hear the sirens, which may interrupt your sleep if you're a light sleeper.\n\nThe entire property is nice, which I would stay there again, especially with it being a non-smoking/non-gaming hotel.",high tolerance reviewer,The reviewer objectively lists multiple severe service failures yet subjectively forgives them and leaves a positive rating.,"Test sentence-level attention that emphasizes the reviewer's final explicit recommendation (""would stay there again"") over earlier incident descriptions."
