model_key,slice,n_examples,macro_f1,error_rate
baseline_gru,short_0_64,25262,0.9446061460063574,0.05502335523711503
baseline_gru,medium_65_128,9048,0.9374782211262725,0.0618921308576481
baseline_gru,long_129_plus,3690,0.9345080936637202,0.06097560975609756
baseline_gru,has_negation,27938,0.9385316964926989,0.059560455293864986
baseline_gru,no_negation,10062,0.9315551416602669,0.050785132180481016
experimental_bigru,short_0_64,25262,0.9466801339399163,0.052925342411527194
experimental_bigru,medium_65_128,9048,0.9402866423243914,0.059129089301503096
experimental_bigru,long_129_plus,3690,0.9315544457686984,0.06314363143631437
experimental_bigru,has_negation,27938,0.9414825714941293,0.056732765409120194
experimental_bigru,no_negation,10062,0.9301687788040575,0.05167958656330749
experimental_stacked_bigru,short_0_64,25262,0.9473362478670504,0.052371150344390785
experimental_stacked_bigru,medium_65_128,9048,0.9423902483429927,0.056918656056587094
experimental_stacked_bigru,long_129_plus,3690,0.9385845270850908,0.056639566395663955
experimental_stacked_bigru,has_negation,27938,0.9431836039960044,0.054871501181186916
experimental_stacked_bigru,no_negation,10062,0.9318799275369382,0.05108328364142318
