epoch,train_loss,val_loss,val_perplexity,bits_per_character,generalization_gap,val_top1_accuracy,avg_gradient_norm,nan_count,learning_rate,training_tokens_per_sec,epoch_train_seconds,validation_seconds,peak_gpu_memory_gb
1,1.3193431637814788,0.9040875257658699,2.4696773776328924,1.3043225899519935,-0.41525563801560883,0.7163574037610935,0.9837146215995805,0,0.00039284850460094263,2271558.8754801773,39.59754729270935,1.3540139198303223,1.0046958923339844
2,0.9441254811534465,0.844892116806787,2.3277266784367976,1.2189216670033305,-0.09923336434665952,0.7332414595996347,0.5535710723185149,0,0.000368513565112362,2267299.6585710607,39.67193293571472,1.4015517234802246,1.0046958923339844
3,0.8994270167715562,0.816122458917149,2.2617129279447266,1.1774158242378776,-0.08330455785440727,0.7421947455625946,0.47625577295087074,0,0.00032932075674927015,2168216.1161864293,41.48486828804016,1.37449049949646,1.0046958923339844
4,0.8757862675711106,0.7995838214912069,2.2246148988977636,1.1535556140404104,-0.07620244607990367,0.7475550127700255,0.4477332087325268,0,0.0002791910789640882,2232096.336748837,40.29761552810669,1.3677716255187988,1.0046958923339844
5,0.8596319807846038,0.7883020382090369,2.199658317794582,1.1372794412468397,-0.07132994257556691,0.7509590895471279,0.4351868121513252,0,0.0002231396977363696,2276837.955905944,39.505736351013184,1.3665754795074463,1.0046958923339844
6,0.8474937218785937,0.7786807133445041,2.178596175859492,1.1233988035779965,-0.06881300853408967,0.7538359123077362,0.4315287967604366,0,0.00016677420905834983,2175671.0340970973,41.34272074699402,1.5396628379821777,1.0046958923339844
7,0.8382920472511177,0.7716168229551963,2.163261037904172,1.113207763943959,-0.06667522429592143,0.7559795956039722,0.4322657038198143,0,0.00011573363344099808,2274655.482391895,39.543641090393066,1.5639441013336182,1.0046958923339844
8,0.8313676988655101,0.766464605665954,2.152144109989518,1.1057746856111867,-0.06490309319955612,0.7575256871914505,0.43448925201521543,0,7.512426659022127e-05,2188881.4413964897,41.09320783615112,1.468874454498291,1.0046958923339844
9,0.8265141259614236,0.7639976588945542,2.1468414284316335,1.1022156337379512,-0.06251646706686942,0.7584537880247125,0.43744377003667134,0,4.900882592371294e-05,2233754.6791026085,40.267698526382446,1.345154047012329,1.0046958923339844
10,0.8236729075022734,0.7625632974170943,2.1437642891810507,1.1001462875475776,-0.06110961008517912,0.7588916429458095,0.4422887910096372,0,4.000000067783675e-05,2284409.319560091,39.374799966812134,1.374647855758667,1.0046958923339844
