metric,direction,value,units,checkpoint,protocol,evidence_file
FID_A2B,A2B,109.48913912902457,unitless,naveen/checkpoints_repro/repro_20261002T030447909094Z_57cacd34/epoch_150.pt,Existing official instructor result; not recomputed,naveen/outputs_repro/evaluation/epoch_150/metrics/evaluation_results.csv
MiFID_A2B,A2B,0.43110403418540955,unitless,naveen/checkpoints_repro/repro_20261002T030447909094Z_57cacd34/epoch_150.pt,Existing official instructor result; not recomputed,naveen/outputs_repro/evaluation/epoch_150/metrics/evaluation_results.csv
FID_B2A,B2A,105.86786360611433,unitless,naveen/checkpoints_repro/repro_20261002T030447909094Z_57cacd34/epoch_150.pt,Existing official instructor result; not recomputed,naveen/outputs_repro/evaluation/epoch_150/metrics/evaluation_results.csv
MiFID_B2A,B2A,0.41312262415885925,unitless,naveen/checkpoints_repro/repro_20261002T030447909094Z_57cacd34/epoch_150.pt,Existing official instructor result; not recomputed,naveen/outputs_repro/evaluation/epoch_150/metrics/evaluation_results.csv
submission_FID,all,107.67850136756945,unitless,naveen/checkpoints_repro/repro_20261002T030447909094Z_57cacd34/epoch_150.pt,Existing official instructor result; not recomputed,naveen/outputs_repro/evaluation/epoch_150/metrics/evaluation_results.csv
submission_MiFID,all,0.4221133291721344,unitless,naveen/checkpoints_repro/repro_20261002T030447909094Z_57cacd34/epoch_150.pt,Existing official instructor result; not recomputed,naveen/outputs_repro/evaluation/epoch_150/metrics/evaluation_results.csv
KID_A2B_mean,A2B,0.025088945133143494,unitless,naveen/checkpoints_repro/repro_20261002T030447909094Z_57cacd34/epoch_150.pt,"Unbiased degree-3 polynomial MMD; gamma=1/2048, coef0=1; 100 subsets of 100, seed 171; raw scale; std ddof=0",naveen/outputs_repro/final_metrics_epoch150/kid_results.json
content_cosine_A2B_mean,A2B,0.8284416557570147,unitless,naveen/checkpoints_repro/repro_20261002T030447909094Z_57cacd34/epoch_150.pt,Input vs same-filename existing translation; instructor Inception pooled features; 300 pairs; std ddof=0,naveen/outputs_repro/final_metrics_epoch150/content_cosine_results.json
KID_A2B_std,A2B,0.002984295586468944,unitless,naveen/checkpoints_repro/repro_20261002T030447909094Z_57cacd34/epoch_150.pt,"Unbiased degree-3 polynomial MMD; gamma=1/2048, coef0=1; 100 subsets of 100, seed 171; raw scale; std ddof=0",naveen/outputs_repro/final_metrics_epoch150/kid_results.json
content_cosine_A2B_std,A2B,0.07511244998941267,unitless,naveen/checkpoints_repro/repro_20261002T030447909094Z_57cacd34/epoch_150.pt,Input vs same-filename existing translation; instructor Inception pooled features; 300 pairs; std ddof=0,naveen/outputs_repro/final_metrics_epoch150/content_cosine_results.json
generative_precision_A2B,A2B,0.6433333333333333,unitless,naveen/checkpoints_repro/repro_20261002T030447909094Z_57cacd34/epoch_150.pt,k=3 nearest-neighbor closed-ball manifolds in raw 2048-D instructor Inception feature space; 300 each,naveen/outputs_repro/final_metrics_epoch150/precision_recall_results.json
generative_recall_A2B,A2B,0.3,unitless,naveen/checkpoints_repro/repro_20261002T030447909094Z_57cacd34/epoch_150.pt,k=3 nearest-neighbor closed-ball manifolds in raw 2048-D instructor Inception feature space; 300 each,naveen/outputs_repro/final_metrics_epoch150/precision_recall_results.json
KID_B2A_mean,B2A,0.010222349777397022,unitless,naveen/checkpoints_repro/repro_20261002T030447909094Z_57cacd34/epoch_150.pt,"Unbiased degree-3 polynomial MMD; gamma=1/2048, coef0=1; 100 subsets of 100, seed 171; raw scale; std ddof=0",naveen/outputs_repro/final_metrics_epoch150/kid_results.json
content_cosine_B2A_mean,B2A,0.7828227874722511,unitless,naveen/checkpoints_repro/repro_20261002T030447909094Z_57cacd34/epoch_150.pt,Input vs same-filename existing translation; instructor Inception pooled features; 300 pairs; std ddof=0,naveen/outputs_repro/final_metrics_epoch150/content_cosine_results.json
KID_B2A_std,B2A,0.0015632233408134943,unitless,naveen/checkpoints_repro/repro_20261002T030447909094Z_57cacd34/epoch_150.pt,"Unbiased degree-3 polynomial MMD; gamma=1/2048, coef0=1; 100 subsets of 100, seed 171; raw scale; std ddof=0",naveen/outputs_repro/final_metrics_epoch150/kid_results.json
content_cosine_B2A_std,B2A,0.10520040518911024,unitless,naveen/checkpoints_repro/repro_20261002T030447909094Z_57cacd34/epoch_150.pt,Input vs same-filename existing translation; instructor Inception pooled features; 300 pairs; std ddof=0,naveen/outputs_repro/final_metrics_epoch150/content_cosine_results.json
generative_precision_B2A,B2A,0.35,unitless,naveen/checkpoints_repro/repro_20261002T030447909094Z_57cacd34/epoch_150.pt,k=3 nearest-neighbor closed-ball manifolds in raw 2048-D instructor Inception feature space; 300 each,naveen/outputs_repro/final_metrics_epoch150/precision_recall_results.json
generative_recall_B2A,B2A,0.6133333333333333,unitless,naveen/checkpoints_repro/repro_20261002T030447909094Z_57cacd34/epoch_150.pt,k=3 nearest-neighbor closed-ball manifolds in raw 2048-D instructor Inception feature space; 300 each,naveen/outputs_repro/final_metrics_epoch150/precision_recall_results.json
cycle_L1_A_0_1,A,0.05189370443423589,unitless,naveen/checkpoints_repro/repro_20261002T030447909094Z_57cacd34/epoch_150.pt,Cycle reconstruction pairing; deterministic 256 RGB tensors; LPIPS AlexNet v0.1; 300/domain; std ddof=0,naveen/outputs_repro/final_metrics_epoch150/cycle_lpips_per_image.csv
cycle_L1_A_minus1_1,A,0.10378740911682446,unitless,naveen/checkpoints_repro/repro_20261002T030447909094Z_57cacd34/epoch_150.pt,Cycle reconstruction pairing; deterministic 256 RGB tensors; LPIPS AlexNet v0.1; 300/domain; std ddof=0,naveen/outputs_repro/final_metrics_epoch150/cycle_lpips_per_image.csv
LPIPS_A_mean,A,0.3531525456905365,unitless,naveen/checkpoints_repro/repro_20261002T030447909094Z_57cacd34/epoch_150.pt,Cycle reconstruction pairing; deterministic 256 RGB tensors; LPIPS AlexNet v0.1; 300/domain; std ddof=0,naveen/outputs_repro/final_metrics_epoch150/cycle_lpips_per_image.csv
LPIPS_A_std,A,0.10359809903306247,unitless,naveen/checkpoints_repro/repro_20261002T030447909094Z_57cacd34/epoch_150.pt,Cycle reconstruction pairing; deterministic 256 RGB tensors; LPIPS AlexNet v0.1; 300/domain; std ddof=0,naveen/outputs_repro/final_metrics_epoch150/cycle_lpips_per_image.csv
cycle_L1_B_0_1,B,0.06651143689950308,unitless,naveen/checkpoints_repro/repro_20261002T030447909094Z_57cacd34/epoch_150.pt,Cycle reconstruction pairing; deterministic 256 RGB tensors; LPIPS AlexNet v0.1; 300/domain; std ddof=0,naveen/outputs_repro/final_metrics_epoch150/cycle_lpips_per_image.csv
cycle_L1_B_minus1_1,B,0.13302287372450033,unitless,naveen/checkpoints_repro/repro_20261002T030447909094Z_57cacd34/epoch_150.pt,Cycle reconstruction pairing; deterministic 256 RGB tensors; LPIPS AlexNet v0.1; 300/domain; std ddof=0,naveen/outputs_repro/final_metrics_epoch150/cycle_lpips_per_image.csv
LPIPS_B_mean,B,0.3055188757677873,unitless,naveen/checkpoints_repro/repro_20261002T030447909094Z_57cacd34/epoch_150.pt,Cycle reconstruction pairing; deterministic 256 RGB tensors; LPIPS AlexNet v0.1; 300/domain; std ddof=0,naveen/outputs_repro/final_metrics_epoch150/cycle_lpips_per_image.csv
LPIPS_B_std,B,0.07937863311323239,unitless,naveen/checkpoints_repro/repro_20261002T030447909094Z_57cacd34/epoch_150.pt,Cycle reconstruction pairing; deterministic 256 RGB tensors; LPIPS AlexNet v0.1; 300/domain; std ddof=0,naveen/outputs_repro/final_metrics_epoch150/cycle_lpips_per_image.csv
G_total,all,4.073097843329112,unitless,naveen/checkpoints_repro/repro_20261002T030447909094Z_57cacd34/epoch_150.pt,Existing epoch-150 training CSV/output; weighted training losses; cumulative logged elapsed time,naveen/outputs_repro/final_metrics_epoch150/manifests/training_evidence.json
D_A,all,0.17703302518775066,unitless,naveen/checkpoints_repro/repro_20261002T030447909094Z_57cacd34/epoch_150.pt,Existing epoch-150 training CSV/output; weighted training losses; cumulative logged elapsed time,naveen/outputs_repro/final_metrics_epoch150/manifests/training_evidence.json
D_B,all,0.15276263527572154,unitless,naveen/checkpoints_repro/repro_20261002T030447909094Z_57cacd34/epoch_150.pt,Existing epoch-150 training CSV/output; weighted training losses; cumulative logged elapsed time,naveen/outputs_repro/final_metrics_epoch150/manifests/training_evidence.json
generator_gradient_norm,all,23.903195854822794,unitless,naveen/checkpoints_repro/repro_20261002T030447909094Z_57cacd34/epoch_150.pt,Existing epoch-150 training CSV/output; weighted training losses; cumulative logged elapsed time,naveen/outputs_repro/final_metrics_epoch150/manifests/training_evidence.json
discriminator_gradient_norm,all,9.786860245068867,unitless,naveen/checkpoints_repro/repro_20261002T030447909094Z_57cacd34/epoch_150.pt,Existing epoch-150 training CSV/output; weighted training losses; cumulative logged elapsed time,naveen/outputs_repro/final_metrics_epoch150/manifests/training_evidence.json
NaN_count,all,0.0,unitless,naveen/checkpoints_repro/repro_20261002T030447909094Z_57cacd34/epoch_150.pt,Existing epoch-150 training CSV/output; weighted training losses; cumulative logged elapsed time,naveen/outputs_repro/final_metrics_epoch150/manifests/training_evidence.json
Inf_count,all,0.0,unitless,naveen/checkpoints_repro/repro_20261002T030447909094Z_57cacd34/epoch_150.pt,Existing epoch-150 training CSV/output; weighted training losses; cumulative logged elapsed time,naveen/outputs_repro/final_metrics_epoch150/manifests/training_evidence.json
images_per_second,all,16.807604405639427,"training input images/sec, epoch 150",naveen/checkpoints_repro/repro_20261002T030447909094Z_57cacd34/epoch_150.pt,Existing epoch-150 training CSV/output; weighted training losses; cumulative logged elapsed time,naveen/outputs_repro/final_metrics_epoch150/manifests/training_evidence.json
peak_gpu_memory_GB,all,2.442582607269287,GiB (1024^3 bytes),naveen/checkpoints_repro/repro_20261002T030447909094Z_57cacd34/epoch_150.pt,Existing epoch-150 training CSV/output; weighted training losses; cumulative logged elapsed time,naveen/outputs_repro/final_metrics_epoch150/manifests/training_evidence.json
learning_rate,all,0.0001,unitless,naveen/checkpoints_repro/repro_20261002T030447909094Z_57cacd34/epoch_150.pt,Existing epoch-150 training CSV/output; weighted training losses; cumulative logged elapsed time,naveen/outputs_repro/final_metrics_epoch150/manifests/training_evidence.json
epoch_seconds,all,35.698127200012095,seconds,naveen/checkpoints_repro/repro_20261002T030447909094Z_57cacd34/epoch_150.pt,Existing epoch-150 training CSV/output; weighted training losses; cumulative logged elapsed time,naveen/outputs_repro/final_metrics_epoch150/manifests/training_evidence.json
cycle_loss_A,all,0.9091642324129741,unitless,naveen/checkpoints_repro/repro_20261002T030447909094Z_57cacd34/epoch_150.pt,Existing epoch-150 training CSV/output; weighted training losses; cumulative logged elapsed time,naveen/outputs_repro/final_metrics_epoch150/manifests/training_evidence.json
cycle_loss_B,all,1.126726686557134,unitless,naveen/checkpoints_repro/repro_20261002T030447909094Z_57cacd34/epoch_150.pt,Existing epoch-150 training CSV/output; weighted training losses; cumulative logged elapsed time,naveen/outputs_repro/final_metrics_epoch150/manifests/training_evidence.json
identity_loss_A,all,0.4641587800780932,unitless,naveen/checkpoints_repro/repro_20261002T030447909094Z_57cacd34/epoch_150.pt,Existing epoch-150 training CSV/output; weighted training losses; cumulative logged elapsed time,naveen/outputs_repro/final_metrics_epoch150/manifests/training_evidence.json
identity_loss_B,all,0.5224410127600034,unitless,naveen/checkpoints_repro/repro_20261002T030447909094Z_57cacd34/epoch_150.pt,Existing epoch-150 training CSV/output; weighted training losses; cumulative logged elapsed time,naveen/outputs_repro/final_metrics_epoch150/manifests/training_evidence.json
parameter_count_G_A2B,A2B,11378179,parameters,naveen/checkpoints_repro/repro_20261002T030447909094Z_57cacd34/epoch_150.pt,Existing epoch-150 training CSV/output; weighted training losses; cumulative logged elapsed time,naveen/outputs_repro/final_metrics_epoch150/manifests/training_evidence.json
parameter_count_G_B2A,B2A,11378179,parameters,naveen/checkpoints_repro/repro_20261002T030447909094Z_57cacd34/epoch_150.pt,Existing epoch-150 training CSV/output; weighted training losses; cumulative logged elapsed time,naveen/outputs_repro/final_metrics_epoch150/manifests/training_evidence.json
parameter_count_D_A,all,2764737,parameters,naveen/checkpoints_repro/repro_20261002T030447909094Z_57cacd34/epoch_150.pt,Existing epoch-150 training CSV/output; weighted training losses; cumulative logged elapsed time,naveen/outputs_repro/final_metrics_epoch150/manifests/training_evidence.json
parameter_count_D_B,all,2764737,parameters,naveen/checkpoints_repro/repro_20261002T030447909094Z_57cacd34/epoch_150.pt,Existing epoch-150 training CSV/output; weighted training losses; cumulative logged elapsed time,naveen/outputs_repro/final_metrics_epoch150/manifests/training_evidence.json
parameter_count_total,all,28285832,parameters,naveen/checkpoints_repro/repro_20261002T030447909094Z_57cacd34/epoch_150.pt,Existing epoch-150 training CSV/output; weighted training losses; cumulative logged elapsed time,naveen/outputs_repro/final_metrics_epoch150/manifests/training_evidence.json
training_time_minutes,all,91.63137033666717,minutes,naveen/checkpoints_repro/repro_20261002T030447909094Z_57cacd34/epoch_150.pt,Existing epoch-150 training CSV/output; weighted training losses; cumulative logged elapsed time,naveen/outputs_repro/final_metrics_epoch150/manifests/training_evidence.json
history_peak_gpu_memory_GiB,all,2.4495863914489746,GiB (1024^3 bytes),naveen/checkpoints_repro/repro_20261002T030447909094Z_57cacd34/epoch_150.pt,Existing epoch-150 training CSV/output; weighted training losses; cumulative logged elapsed time,naveen/outputs_repro/final_metrics_epoch150/manifests/training_evidence.json
history_NaN_total,all,0.0,unitless,naveen/checkpoints_repro/repro_20261002T030447909094Z_57cacd34/epoch_150.pt,Existing epoch-150 training CSV/output; weighted training losses; cumulative logged elapsed time,naveen/outputs_repro/final_metrics_epoch150/manifests/training_evidence.json
history_Inf_total,all,0.0,unitless,naveen/checkpoints_repro/repro_20261002T030447909094Z_57cacd34/epoch_150.pt,Existing epoch-150 training CSV/output; weighted training losses; cumulative logged elapsed time,naveen/outputs_repro/final_metrics_epoch150/manifests/training_evidence.json
evaluation_sample_count_per_set,all,300,unitless,naveen/checkpoints_repro/repro_20261002T030447909094Z_57cacd34/epoch_150.pt,Existing epoch-150 training CSV/output; weighted training losses; cumulative logged elapsed time,naveen/outputs_repro/final_metrics_epoch150/manifests/training_evidence.json
human_audit_score,all,PENDING,pending,naveen/checkpoints_repro/repro_20261002T030447909094Z_57cacd34/epoch_150.pt,Not performed during this evaluation,PENDING
inter_rater_agreement,all,PENDING,pending,naveen/checkpoints_repro/repro_20261002T030447909094Z_57cacd34/epoch_150.pt,Not performed during this evaluation,PENDING
Kaggle_public_score,all,PENDING,pending,naveen/checkpoints_repro/repro_20261002T030447909094Z_57cacd34/epoch_150.pt,Not performed during this evaluation,PENDING
Kaggle_private_score,all,PENDING,pending,naveen/checkpoints_repro/repro_20261002T030447909094Z_57cacd34/epoch_150.pt,Not performed during this evaluation,PENDING
Kaggle_rank,all,PENDING,pending,naveen/checkpoints_repro/repro_20261002T030447909094Z_57cacd34/epoch_150.pt,Not performed during this evaluation,PENDING
human_mean_exact_agreement,all,57.78,percent,naveen/checkpoints_repro/repro_20261002T030447909094Z_57cacd34/epoch_150.pt,"Mean exact rating agreement across style, content, and artifact dimensions",naveen/outputs/human_audit/human_audit_summary.csv
human_style_mean,all,3.6666666667,score_1_to_5,naveen/checkpoints_repro/repro_20261002T030447909094Z_57cacd34/epoch_150.pt,30 fixed samples; 2 independent human raters; higher is better,naveen/outputs/human_audit/human_audit_summary.csv
human_content_mean,all,4.0333333333,score_1_to_5,naveen/checkpoints_repro/repro_20261002T030447909094Z_57cacd34/epoch_150.pt,30 fixed samples; 2 independent human raters; higher is better,naveen/outputs/human_audit/human_audit_summary.csv
human_artifact_quality_mean,all,3.4333333333,score_1_to_5,naveen/checkpoints_repro/repro_20261002T030447909094Z_57cacd34/epoch_150.pt,30 fixed samples; higher means fewer visible artifacts,naveen/outputs/human_audit/human_audit_summary.csv
human_overall_score,all,3.7111111111,score_1_to_5,naveen/checkpoints_repro/repro_20261002T030447909094Z_57cacd34/epoch_150.pt,"Mean of style, content preservation, and artifact quality",naveen/outputs/human_audit/human_audit_summary.csv
human_style_weighted_cohen_kappa,all,0.6713615023,kappa,naveen/checkpoints_repro/repro_20261002T030447909094Z_57cacd34/epoch_150.pt,Quadratic-weighted Cohen's kappa; 2 raters,naveen/outputs/human_audit/human_audit_summary.csv
human_content_weighted_cohen_kappa,all,0.7419354839,kappa,naveen/checkpoints_repro/repro_20261002T030447909094Z_57cacd34/epoch_150.pt,Quadratic-weighted Cohen's kappa; 2 raters,naveen/outputs/human_audit/human_audit_summary.csv
human_artifact_weighted_cohen_kappa,all,0.6097560976,kappa,naveen/checkpoints_repro/repro_20261002T030447909094Z_57cacd34/epoch_150.pt,Quadratic-weighted Cohen's kappa; 2 raters,naveen/outputs/human_audit/human_audit_summary.csv
human_mean_weighted_cohen_kappa,all,0.6743510279,kappa,naveen/checkpoints_repro/repro_20261002T030447909094Z_57cacd34/epoch_150.pt,Mean weighted kappa across three audit dimensions,naveen/outputs/human_audit/human_audit_summary.csv
human_mean_exact_agreement_pct,all,57.7777777778,percent,naveen/checkpoints_repro/repro_20261002T030447909094Z_57cacd34/epoch_150.pt,Mean exact agreement across three audit dimensions,naveen/outputs/human_audit/human_audit_summary.csv
